id,status,sort,name,slug,category,subcategory,gender_category,gender,age_group,price,original_price,image_url,description,sizes,colors,color,pattern,style,sku,featured,new_arrival,on_sale,seo_title,seo_description,canonical_url,product_gallery,image,model_image_1,model_image_2,model_image_3,model_image_1_url,model_image_2_url,model_image_3_url,main_image
1,published,,Beige Longline Tunic with Black Ethnic Embroidered Motifs and Button-Front Design,beige-longline-tunic-with-black-ethnic-embroidered-motifs-and-button-front-design,women,ethnic-fusion,Women,Female,Adults,,,/products/extracted/female_black_dress_graphic__DSC6503_1.png,"This beige longline tunic showcases intricate black ethnic embroidered motifs running along the front, sleeves, and hem, adding artisanal depth to its refined silhouette. Designed with a button-front closure and a modest stand collar, it blends traditional craftsmanship with modern ease. The relaxed fit and side slits ensure comfort and fluid movement, making it perfect for pairing with leggings, denim, or palazzos. This tunic delivers an elegant fusion of cultural detail and contemporary everyday wear.",,,Beige,graphic,casual,ZC-F0005,false,,,,,,,,,,,"https://res.cloudinary.com/ds8llatku/image/upload/f_auto,q_auto/zecode/products/model-poses/female_casual_chic_front_standing__DSC6503","https://res.cloudinary.com/ds8llatku/image/upload/f_auto,q_auto/zecode/products/model-poses/female_casual_chic_three_quarter__DSC6503","https://res.cloudinary.com/ds8llatku/image/upload/f_auto,q_auto/zecode/products/model-poses/female_casual_chic_casual_lifestyle__DSC6503",
2,published,,Beige Cropped Hoodie with “University of Florida Gators Nation” Graphic and Drawstring Hem,beige-cropped-hoodie-with-university-of-florida-gators-nation-graphic-and-drawstring-hem,women,activewear,Women,Female,Adults,,,,"This beige cropped hoodie features a bold collegiate-style graphic reading “University of Florida,” “Gators,” “EST. 1953,” and “Gators Nation” in deep green lettering, adding a sporty and vintage-inspired appeal. Designed with a relaxed fit, oversized short sleeves, and an adjustable drawstring hem, it offers both comfort and contemporary streetwear style. The soft fabric and classic hood make it ideal for casual outings, layering, or athleisure looks with a youthful, campus-inspired vibe.",,,Beige,graphic,casual,ZC-F0002,false,,,,,,,4d7c5233-46f8-428c-80c2-f515fd843d57,,,,,,,4d7c5233-46f8-428c-80c2-f515fd843d57
3,published,,Black and White Print Sheer Long-Sleeve Mini Dress,black-and-white-print-sheer-long-sleeve-mini-dress,women,dresses,Women,Female,Adults,,,/products/extracted/female_black_dress_graphic__DSC6503_1.png,"This chic garment is a mini dress featuring a captivating black and white geometric or floral print. The dress is constructed from a sheer, lightweight fabric over a lining, giving it a delicate and airy feel. It has a flattering V-neckline and long sheer sleeves that are fitted at the wrist. The bodice is structured or fitted at the waist, leading to a flared or A-line mini skirt. The overall black and white color scheme is highly versatile and sophisticated, making it suitable for both casual and semi-formal occasions. The combination of the sheer fabric and the vibrant print creates a stylish, feminine look.",,,Black,graphic,casual,ZC-F0009,false,,,,,,,,,,,"https://res.cloudinary.com/ds8llatku/image/upload/f_auto,q_auto/zecode/products/model-poses/female_casual_chic_front_standing__DSC6503","https://res.cloudinary.com/ds8llatku/image/upload/f_auto,q_auto/zecode/products/model-poses/female_casual_chic_three_quarter__DSC6503","https://res.cloudinary.com/ds8llatku/image/upload/f_auto,q_auto/zecode/products/model-poses/female_casual_chic_casual_lifestyle__DSC6503",
4,published,,Black Jacquard Balloon-Sleeve Blouse with Subtle Floral Textured Pattern and Button Front,black-jacquard-balloon-sleeve-blouse-with-subtle-floral-textured-pattern-and-button-front,women,tops,Women,Female,Adults,,,products/extracted/female_black_blouse_graphic__DSC3952_Large_1.jpg,"This black jacquard blouse features an elegant floral textured pattern woven into the fabric, adding depth and refinement without the need for printed graphics. The voluminous balloon sleeves create a dramatic silhouette, while the button-front closure and pointed collar offer a polished finish. Its cropped, relaxed fit makes it versatile for pairing with high-waisted bottoms. Sophisticated yet contemporary, this blouse combines artisanal texture with modern design for elevated day-to-night styling.",,,Black,graphic,casual,ZC-F0007,false,,,,,,,,,,,"https://res.cloudinary.com/ds8llatku/image/upload/f_auto,q_auto/zecode/products/model-poses/female_smart_casual_front_standing__DSC3952_Large","https://res.cloudinary.com/ds8llatku/image/upload/f_auto,q_auto/zecode/products/model-poses/female_smart_casual_three_quarter__DSC3952_Large","https://res.cloudinary.com/ds8llatku/image/upload/f_auto,q_auto/zecode/products/model-poses/female_smart_casual_casual_lifestyle__DSC3952_Large",
5,published,,Black and White Polka Dot Kids Dress with Ruffled Hem and Puff Sleeves,black-and-white-polka-dot-kids-dress-with-ruffled-hem-and-puff-sleeves,Kids,Dress,Kids,Girl,Kids,,,/products/extracted/female_dark_blue_cargo_pants__DSC4744_Large_2.png,"This black and white kids dress features an all-over polka dot print that adds a playful, timeless charm. Designed with puff sleeves and delicate ruffle details, it brings a sweet, classic silhouette perfect for special occasions or everyday wear. The contrast ruffled hem in larger polka dots enhances visual appeal while maintaining a cohesive look. Crafted from soft, lightweight fabric, the dress ensures comfort and ease of movement, making it an ideal choice for stylish, spirited little ones.",,,Black,graphic,casual,ZC-KG0008,false,,,,,,,,,,,"https://res.cloudinary.com/ds8llatku/image/upload/f_auto,q_auto/zecode/products/model-poses/model2_female_casual_chic_front_standing__DSC4744_Large","https://res.cloudinary.com/ds8llatku/image/upload/f_auto,q_auto/zecode/products/model-poses/model2_female_casual_chic_three_quarter__DSC4744_Large","https://res.cloudinary.com/ds8llatku/image/upload/f_auto,q_auto/zecode/products/model-poses/model2_female_casual_chic_casual_lifestyle__DSC4744_Large",
6,published,,Black Satin Cowl Neck Midi Slip Dress,black-satin-cowl-neck-midi-slip-dress,women,dresses,Women,Female,Adults,,,,"A timeless evening piece, this black midi slip dress is made from a smooth black satin or velvet-like fabric. It features thin straps and a draped cowl neckline. The dress falls to a midi length with a straight, slightly fitted silhouette, perfect for a sophisticated look.",,,Black,,casual,ZC-F0010,false,,,,,,,b997e459-3347-4f19-9de0-48b5388cc12b,,,,,,,b997e459-3347-4f19-9de0-48b5388cc12b
7,published,,Black Sparkle Long-Sleeve Mini Wrap Dress,black-sparkle-long-sleeve-mini-wrap-dress,women,dresses,Women,Female,Adults,,,/products/extracted/female_black_dress_speckled__DSC4127_Large_1.png,This flattering mini dress is rendered in a black fabric with subtle silver sparkle or metallic thread woven throughout. It features a classic V-neck wrap silhouette with long sleeves and an elasticated or defined waist that cinches the form. The black color and shimmering texture make it a perfect chic choice for evening wear or a night out.,,,Black,speckled,casual,ZC-F0011,false,,true,,,,,,,,,"https://res.cloudinary.com/ds8llatku/image/upload/f_auto,q_auto/zecode/products/model-poses/female_casual_chic_front_standing__DSC4127_Large","https://res.cloudinary.com/ds8llatku/image/upload/f_auto,q_auto/zecode/products/model-poses/female_casual_chic_three_quarter__DSC4127_Large","https://res.cloudinary.com/ds8llatku/image/upload/f_auto,q_auto/zecode/products/model-poses/female_casual_chic_casual_lifestyle__DSC4127_Large",
9,published,,Black Hoodie with White Geometric Sleeve Print and “1091” Front Graphic Streetwear Design,black-hoodie-with-white-geometric-sleeve-print-and-1091-front-graphic-streetwear-design,women,hoodies,Women,Female,Adults,,,/products/extracted/model2_male_light_green_shirt__DSC3952_Large_4.png,"This black streetwear hoodie features a bold white geometric print running along both sleeves, adding striking visual detail to its relaxed silhouette. The left chest displays a compact “1091” graphic, contributing to its edgy modern identity. Designed with a soft, comfortable fabric and classic hooded construction, it delivers effortless style and everyday wearability. Ideal for casual outings, urban looks, and layering, this hoodie blends comfort with contemporary graphic appeal.",,,Black,graphic,streetwear,ZC-F0013,false,,,,,,,,,,,"https://res.cloudinary.com/ds8llatku/image/upload/f_auto,q_auto/zecode/products/model-poses/female_smart_casual_front_standing__DSC3952_Large","https://res.cloudinary.com/ds8llatku/image/upload/f_auto,q_auto/zecode/products/model-poses/female_smart_casual_three_quarter__DSC3952_Large","https://res.cloudinary.com/ds8llatku/image/upload/f_auto,q_auto/zecode/products/model-poses/female_smart_casual_casual_lifestyle__DSC3952_Large",
10,published,,Black Hoodie with White Star Sleeve Print and “EST. 199” Front Graphic Streetwear Style,black-hoodie-with-white-star-sleeve-print-and-est-199-front-graphic-streetwear-style,women,Hoodie,Women,Female,Adults,,,,"This black streetwear hoodie showcases bold white star graphics running down the left sleeve, adding a striking visual accent to its clean silhouette. The front features a minimal “EST. 199” text graphic in crisp white, lending a sporty and contemporary feel. Designed with a relaxed fit, drawstring hood, and soft fabric, it ensures all-day comfort. Ideal for layering, casual outings, and modern urban styling, this hoodie delivers a balanced mix of simplicity and standout graphic detail.",,,Black,graphic,casual,ZC-F0015,false,,,,,,,3338e4c3-b55b-4a2a-9d7b-264beae9175c,,,,"https://res.cloudinary.com/ds8llatku/image/upload/f_auto,q_auto/zecode/products/model-poses/female_casual_front_standing__DSC6406","https://res.cloudinary.com/ds8llatku/image/upload/f_auto,q_auto/zecode/products/model-poses/female_casual_three_quarter__DSC6406","https://res.cloudinary.com/ds8llatku/image/upload/f_auto,q_auto/zecode/products/model-poses/female_casual_casual_lifestyle__DSC6406",3338e4c3-b55b-4a2a-9d7b-264beae9175c
12,published,,Women's Black Mules,womens-black-mules,Footwear,Mules,Women,Female,Adults,,,,"Discover this stylish black mules. Crafted with attention to quality and contemporary fashion, this piece offers the perfect blend of style and comfort. The versatile design makes it suitable for various occasions, from casual outings to more polished settings. Quality materials ensure lasting wear while the thoughtful construction provides a comfortable fit. A great addition to any wardrobe. Shop now to add this mules to your collection.",,,Black,,casual,ZC-F0018,false,,,,,,,907fa84b-6503-45f1-b8c8-cdc07db4b44d,,,,,,,907fa84b-6503-45f1-b8c8-cdc07db4b44d
13,published,,Beige Sweatpants with Green “Florida Gators” Graphic Print and Relaxed Wide-Leg Fit,beige-sweatpants-with-green-florida-gators-graphic-print-wide-leg-fit,women,activewear,Women,Female,Adults,,,/products/extracted/model3_female_beige_hoodie_graphic__DSC3606_6.png,"These beige sweatpants offer a relaxed, wide-leg silhouette paired with soft fabric and an elastic drawstring waist for all-day comfort. The left thigh features a green “Florida Gators” graphic print, adding a sporty collegiate touch to the minimal design. Side pockets enhance functionality, making these sweatpants ideal for lounging, casual outings, or athleisure styling. A versatile piece that delivers comfort with a subtle graphic edge.",,,Beige,graphic,casual,ZC-F0004,false,,,,,,,,,,,"https://res.cloudinary.com/ds8llatku/image/upload/f_auto,q_auto/zecode/products/model-poses/female_casual_front_standing__DSC3606","https://res.cloudinary.com/ds8llatku/image/upload/f_auto,q_auto/zecode/products/model-poses/female_casual_three_quarter__DSC3606","https://res.cloudinary.com/ds8llatku/image/upload/f_auto,q_auto/zecode/products/model-poses/female_casual_casual_lifestyle__DSC3606",
14,published,,Black Hoodie with White “1987” Front Graphic Minimal Streetwear Cropped Fit,black-hoodie-with-white-1987-front-graphic-minimal-streetwear-cropped-fit,women,Hoodie,Women,Female,Adults,,,/products/extracted/female_black_hoodie_graphic__DSC3510_Large_1.png,"This black cropped hoodie features a clean, minimalist aesthetic enhanced by a bold white “1987” graphic on the front. Designed with a relaxed silhouette, adjustable drawstring hood, and ribbed cuffs, it offers both style and comfort. The lightweight fabric makes it ideal for layering or casual everyday wear. Perfect for streetwear lovers, this hoodie delivers a modern look with a nostalgic numeric print that adds character without overwhelming the design.",,,Black,graphic,casual,ZC-F0014,false,,,,,,,,,,,"https://res.cloudinary.com/ds8llatku/image/upload/f_auto,q_auto/zecode/products/model-poses/female_streetwear_front_standing__DSC3510_Large","https://res.cloudinary.com/ds8llatku/image/upload/f_auto,q_auto/zecode/products/model-poses/female_streetwear_three_quarter__DSC3510_Large","https://res.cloudinary.com/ds8llatku/image/upload/f_auto,q_auto/zecode/products/model-poses/female_streetwear_casual_lifestyle__DSC3510_Large",
16,published,,Women's Black Mules,womens-black-mules-16,Footwear,Mules,Women,Female,Adults,,,/products/extracted/female_black_mules__DSC4039_Large_3.png,"Discover this stylish black mules. Crafted with attention to quality and contemporary fashion, this piece offers the perfect blend of style and comfort. The versatile design makes it suitable for various occasions, from casual outings to more polished settings. Quality materials ensure lasting wear while the thoughtful construction provides a comfortable fit. A great addition to any wardrobe. Shop now to add this mules to your collection.",,,Black,,casual,ZC-F0019,false,,,,,,,,,,,"https://res.cloudinary.com/ds8llatku/image/upload/f_auto,q_auto/zecode/products/model-poses/female_casual_front_standing__DSC4039_Large","https://res.cloudinary.com/ds8llatku/image/upload/f_auto,q_auto/zecode/products/model-poses/female_casual_three_quarter__DSC4039_Large","https://res.cloudinary.com/ds8llatku/image/upload/f_auto,q_auto/zecode/products/model-poses/female_casual_casual_lifestyle__DSC4039_Large",
17,published,,"Black denim cargo pants with contrast white stitching and utility pockets, graphic-free design",black-denim-cargo-pants-contrast-white-stitching-utility-pockets,women,jeans,Women,Female,Adults,,,/products/extracted/model2_male_dark_teal_sweatshirt_graphic__DSC5314_3.png,"These black denim cargo pants feature bold contrast white stitching and a structured utility design that elevates everyday styling. Crafted from sturdy denim, they include multiple cargo pockets, oversized patch pockets, and clean straight-leg construction for a modern, functional look. With no graphical prints or text, the design stays minimal and versatile while delivering a strong streetwear-inspired aesthetic suited for casual and urban outfits.",,,Black,,casual,ZC-F0023,false,,,,,,,,,,,"https://res.cloudinary.com/ds8llatku/image/upload/f_auto,q_auto/zecode/products/model-poses/female_casual_front_standing__DSC5314","https://res.cloudinary.com/ds8llatku/image/upload/f_auto,q_auto/zecode/products/model-poses/female_casual_three_quarter__DSC5314","https://res.cloudinary.com/ds8llatku/image/upload/f_auto,q_auto/zecode/products/model-poses/female_casual_casual_lifestyle__DSC5314",
18,published,,Blue Classic Denim Jacket with Button-Front Closure and Structured Panel Detailing,blue-classic-denim-jacket-with-button-front-closure-and-structured-panel-detailing,women,jackets,Women,Female,Adults,,,/products/extracted/female_black_mules__DSC4039_Large_3.png,"This blue classic denim jacket offers a timeless silhouette crafted from durable, mid-weight denim with a naturally faded wash for a versatile everyday look. The button-front closure and structured panel detailing provide both style and shape, while the flap chest pockets add functional utility. Long sleeves with buttoned cuffs enhance adjustability and comfort. Designed for effortless layering across seasons, this jacket complements casual, streetwear, and smart-casual ensembles with ease.",,,Blue,,casual,ZC-F0028,false,,,,,,,,,,,"https://res.cloudinary.com/ds8llatku/image/upload/f_auto,q_auto/zecode/products/model-poses/female_casual_front_standing__DSC4039_Large","https://res.cloudinary.com/ds8llatku/image/upload/f_auto,q_auto/zecode/products/model-poses/female_casual_three_quarter__DSC4039_Large","https://res.cloudinary.com/ds8llatku/image/upload/f_auto,q_auto/zecode/products/model-poses/female_casual_casual_lifestyle__DSC4039_Large",
19,published,,"Women's Acid Wash Blue Jeans with Butterfly Cut-Out Appliqué Detail, Straight Leg Fit",womens-acid-wash-blue-jeans-butterfly-applique-straight-leg,women,Jeans,Women,Female,Adults,,,/products/extracted/model3_male_dark_green_button_up_shirt_graphic__DSC3800_Large_9.png,"These stylish women's jeans feature a trendy acid-wash blue finish for a vintage, distressed look. The straight-leg cut offers a comfortable, timeless silhouette suitable for various body types. The standout detail is the intricate butterfly-shaped cut-out appliqué on the thigh and knee area, adding a unique, ethereal touch. Crafted from durable denim, they are designed for everyday wear. They include a classic five-pocket design, belt loops, and a zip-fly closure. Perfect for adding a whimsical yet fashionable element to your casual outfit rotation.",,,Blue,graphic,casual,ZC-F0029,false,,,,,,,,,,,"https://res.cloudinary.com/ds8llatku/image/upload/f_auto,q_auto/zecode/products/model-poses/model3_male_casual_front_standing__DSC3800_Large","https://res.cloudinary.com/ds8llatku/image/upload/f_auto,q_auto/zecode/products/model-poses/model3_male_casual_three_quarter__DSC3800_Large","https://res.cloudinary.com/ds8llatku/image/upload/f_auto,q_auto/zecode/products/model-poses/model3_male_casual_casual_lifestyle__DSC3800_Large",
20,published,,Blue Straight-Leg Mid-Rise Denim Jeans with Clean Wash and Classic Five-Pocket Design,blue-straight-leg-mid-rise-denim-jeans-with-clean-wash-and-classic-five-pocket-design,women,jeans,Women,Female,Adults,,,/products/extracted/female_black_hoodie_graphic__DSC3510_Large_1.png,"These blue straight-leg mid-rise denim jeans feature a clean, even wash that delivers a polished yet casual look. Constructed from durable, medium-weight denim, they offer a comfortable fit ideal for all-day wear. The classic five-pocket design enhances functionality while maintaining timeless appeal. The straight silhouette provides balanced structure and versatility, making these jeans suitable for pairing with casual tees, smart tops, or layered outfits throughout the year.",,,Blue,,casual,ZC-F0030,false,,,,,,,,,,,"https://res.cloudinary.com/ds8llatku/image/upload/f_auto,q_auto/zecode/products/model-poses/female_streetwear_front_standing__DSC3510_Large","https://res.cloudinary.com/ds8llatku/image/upload/f_auto,q_auto/zecode/products/model-poses/female_streetwear_three_quarter__DSC3510_Large","https://res.cloudinary.com/ds8llatku/image/upload/f_auto,q_auto/zecode/products/model-poses/female_streetwear_casual_lifestyle__DSC3510_Large",
21,published,,Women's High-Waisted Wide Leg Relaxed Fit Blue Denim Jeans,womens-high-waisted-wide-leg-relaxed-fit-blue-denim-jeans,women,jeans,Women,Female,Adults,,,/products/extracted/female_black_hoodie_graphic_print_streetwear__DSC6406.png,"Elevate your casual wardrobe with these women's high-waisted, wide-leg blue denim jeans. Designed for a relaxed fit, they feature a classic five-pocket construction with a zip fly and button closure. The durable denim fabric showcases a subtle washed effect and whiskering, adding a touch of vintage charm. Perfect for pairing with crop tops or tucked-in tees, these versatile jeans offer both comfort and style for everyday wear. The wide leg ensures ease of movement while elongating the silhouette.",,,Blue,,casual,ZC-F0031,false,,,,,,,,,,,"https://res.cloudinary.com/ds8llatku/image/upload/f_auto,q_auto/zecode/products/model-poses/female_casual_front_standing__DSC6406","https://res.cloudinary.com/ds8llatku/image/upload/f_auto,q_auto/zecode/products/model-poses/female_casual_three_quarter__DSC6406","https://res.cloudinary.com/ds8llatku/image/upload/f_auto,q_auto/zecode/products/model-poses/female_casual_casual_lifestyle__DSC6406",
22,published,,"Beige wide-leg pants with minimal clean design, no graphical print, solid finish for everyday styling",beige-wide-leg-pants-minimal-clean-solid-design,women,activewear,Women,Female,Adults,,,/products/extracted/model2_male_light_green_shirt__DSC3952_Large_4.png,"These beige wide-leg pants feature a clean, minimal design with a smooth solid finish, making them a versatile foundation for casual and semi-formal wardrobes. The relaxed wide-leg silhouette offers effortless movement and all-day comfort, while the soft fabric drapes naturally for a refined look. With no graphical prints or text, the focus remains on simplicity and elegance, making these pants ideal for pairing with patterned tops or understated essentials.",,,Beige,,casual,ZC-F0003,false,,,,,,,,,,,"https://res.cloudinary.com/ds8llatku/image/upload/f_auto,q_auto/zecode/products/model-poses/female_smart_casual_front_standing__DSC3952_Large","https://res.cloudinary.com/ds8llatku/image/upload/f_auto,q_auto/zecode/products/model-poses/female_smart_casual_three_quarter__DSC3952_Large","https://res.cloudinary.com/ds8llatku/image/upload/f_auto,q_auto/zecode/products/model-poses/female_smart_casual_casual_lifestyle__DSC3952_Large",
23,published,,Beige Graphic T-Shirt with Red Chili Illustration and “Spicy Hot Chili” Text Print,beige-graphic-t-shirt-with-red-chili-illustration-and-spicy-hot-chili-text-print,women,T-Shirt,Women,Female,Adults,,,"https://res.cloudinary.com/ds8llatku/image/upload/f_auto,q_auto/zecode/products/extracted/female_hot_pink_floral_print_tunic_and_trouser_graphic_print_casual_SONY_ILCE_7RM5_9600x","This beige graphic T-shirt showcases a vibrant chili-themed design featuring bold red chili peppers and lush green leaves. The print includes playful text such as “SPICY,” “Extra Hot Chili,” “Always Fresh,” and “Spice up your feed with some chilli love,” adding a fun, standout appeal. Crafted from soft, breathable fabric, the tee offers a classic crew neckline and a relaxed fit for all-day comfort. Perfect for casual outfits, it blends quirky personality with everyday versatility.",,,Beige,graphic,casual,ZC-F0006,false,,,,,,,,,,,,,,
24,published,,Womens Mid Wash Blue Denim Cargo Jeans High Rise Straight Leg Utility Pockets Style,womens-mid-wash-blue-denim-cargo-jeans-high-rise-straight-leg,women,jeans,Women,Female,Adults,,,products/extracted/female_blue_jeans__DSC3510_Large_2.jpg,These fashionable women's cargo jeans blend the comfort of denim with the trendy utility look. They feature a flattering high-rise waist and a relaxed straight-leg fit offering a modern take on the classic '90s silhouette. The key design element is the large functional patch pockets on both sides of the leg providing ample storage and a distinctive cargo aesthetic. The mid-wash blue denim is versatile and easy to pair with any top. Complete with a standard zip fly button closure and five-pocket styling on the waist these jeans are perfect for an edgy casual or street-style outfit.,,,Blue,,casual,ZC-F0032,false,,,,,,,,,,,"https://res.cloudinary.com/ds8llatku/image/upload/f_auto,q_auto/zecode/products/model-poses/female_streetwear_front_standing__DSC3510_Large","https://res.cloudinary.com/ds8llatku/image/upload/f_auto,q_auto/zecode/products/model-poses/female_streetwear_three_quarter__DSC3510_Large","https://res.cloudinary.com/ds8llatku/image/upload/f_auto,q_auto/zecode/products/model-poses/female_streetwear_casual_lifestyle__DSC3510_Large",
25,published,,"Brown and black tiger-print chiffon blouse with voluminous sleeves, bold animal graphic pattern",brown-black-tiger-print-chiffon-blouse-voluminous-sleeves-animal-graphic,women,tops,Women,Female,Adults,,,/products/extracted/female_caramel_brown_cropped_blouse_graphic_print_vintage_SONY_ILCE_7RM5_6304x.png,"This brown and black tiger-print chiffon blouse features a bold animal-graphic pattern that enhances its statement look. Designed with soft, lightweight fabric, it showcases voluminous three-quarter sleeves and a relaxed silhouette, offering effortless movement and comfort. The wide neckline and flowing drape add a stylish, elevated appeal. Perfect for pairing with skirts, denim, or evening pieces, this top merges chic sophistication with modern, trend-forward design.",,,Caramel,graphic,vintage,ZC-F0035,false,,,,,,,,,,,/products/extracted/model2_female_brown_cropped_top_graphic_SONY_ILCE-7RM5_6304x4180_000006_3.png,/products/extracted/model2_female_dark_brown_sleeveless_top__DSC4827_Large_3.png,/products/extracted/model2_female_maroon_blouse__DSC3989_Large_2.png,
26,published,,Women's Beige Graphic Print Hoodie,womens-beige-graphic-print-hoodie-26,women,activewear,Women,Female,Adults,,,/products/extracted/model3_female_beige_hoodie_graphic__DSC3606_6.png,"Embrace comfort and style with this cozy beige hoodie featuring graphic print design. Crafted from soft, premium fabric, this hoodie offers the perfect blend of warmth and casual fashion. The relaxed fit makes it ideal for lounging, casual outings, or layering on cooler days. Quality construction ensures lasting comfort through countless wears. A versatile staple that pairs effortlessly with jeans, joggers, or shorts. Shop now to add this hoodie to your collection.",,,Beige,graphic,athleisure,ZC-F0036,false,,,,,,,,,,,"https://res.cloudinary.com/ds8llatku/image/upload/f_auto,q_auto/zecode/products/model-poses/female_casual_front_standing__DSC3606","https://res.cloudinary.com/ds8llatku/image/upload/f_auto,q_auto/zecode/products/model-poses/female_casual_three_quarter__DSC3606","https://res.cloudinary.com/ds8llatku/image/upload/f_auto,q_auto/zecode/products/model-poses/female_casual_casual_lifestyle__DSC3606",
27,published,,Girl's Cream Graphic Print Dress,girls-cream-graphic-print-dress,Kids,Dress,Kids,Girl,Kids,,,/products/extracted/female_beige_t_shirt_graphic__DSC6666_1.png,"Make an impression in this beautiful cream dress featuring graphic print design. The flattering silhouette and quality fabric combine to create a piece that moves gracefully with you. Perfect for special occasions, date nights, or elevated everyday wear. The thoughtful construction ensures comfort while the elegant design makes a sophisticated statement. Style with heels for evening events or flats for daytime charm. Shop now to add this dress to your collection.",,,Cream,graphic,casual,ZC-KG0037,false,,,,,,,,,,,"https://res.cloudinary.com/ds8llatku/image/upload/f_auto,q_auto/zecode/products/model-poses/female_streetwear_front_standing__DSC6666","https://res.cloudinary.com/ds8llatku/image/upload/f_auto,q_auto/zecode/products/model-poses/female_streetwear_three_quarter__DSC6666","https://res.cloudinary.com/ds8llatku/image/upload/f_auto,q_auto/zecode/products/model-poses/female_streetwear_casual_lifestyle__DSC6666",
28,published,,Cream embroidered tunic blouse with black zigzag graphic detailing and front button-down design,cream-embroidered-tunic-blouse-black-zigzag-graphic-button-down,women,ethnic-fusion,Women,Female,Adults,,,/products/extracted/female_cream_embroidered_tunic_blouse_graphic_print_bohemian_file_1616x1080_00132.png,"This cream embroidered tunic blouse showcases bold black zigzag graphic detailing along the front, sleeves, and shoulders, creating a striking bohemian-inspired aesthetic. Crafted from a lightweight fabric, it features a structured collar, full sleeves, and a front button-down closure for refined styling. The longline silhouette offers a flattering, versatile fit that pairs well with denim, trousers, or layered ensembles for both casual and elevated looks.",,,Cream,graphic,bohemian,ZC-F0038,false,,,,,,,,,,,/products/extracted/model2_female_maroon_blouse__DSC3989_Large_2.png,,,
29,published,,Women's Black & White Striped Knit Sweater with Boat Neck and Long Sleeves,womens-black-white-striped-knit-sweater-boat-neck-long-sleeves,women,sweaters,Women,Female,Adults,,,/products/extracted/female_black_mules__DSC4039_Large_3.png,"This women’s black and white striped knit sweater features a timeless horizontal stripe pattern with a classic boat neckline for an elegant, relaxed look. Crafted from a soft, comfortable knit fabric, it offers warmth without feeling bulky. The long sleeves and ribbed cuffs provide a neat finish, making it ideal for everyday wear. Easy to style with jeans, trousers, or skirts, this versatile sweater works perfectly for casual outings, office layering, or cool-weather styling.",,,Black,striped,casual,ZC-F0025,false,,,,,,,,,,,"https://res.cloudinary.com/ds8llatku/image/upload/f_auto,q_auto/zecode/products/model-poses/female_casual_front_standing__DSC4039_Large","https://res.cloudinary.com/ds8llatku/image/upload/f_auto,q_auto/zecode/products/model-poses/female_casual_three_quarter__DSC4039_Large","https://res.cloudinary.com/ds8llatku/image/upload/f_auto,q_auto/zecode/products/model-poses/female_casual_casual_lifestyle__DSC4039_Large",
30,published,,Women's Solid Black Classic Crew Neck Cotton T-Shirt with Short Sleeves,womens-solid-black-classic-crew-neck-cotton-t-shirt-short-sleeves,women,t-shirts,Women,Female,Adults,,,/products/extracted/female_black_polo_shirt__DSC6224_1.png,"Discover this stylish black top. Crafted with attention to quality and contemporary fashion, this piece offers the perfect blend of style and comfort. The versatile design makes it suitable for various occasions, from casual outings to more polished settings. Quality materials ensure lasting wear while the thoughtful construction provides a comfortable fit. A great addition to any wardrobe. Shop now to add this top to your collection.",,,Black,,casual,ZC-F0026,false,,,,,,,,,,,"https://res.cloudinary.com/ds8llatku/image/upload/f_auto,q_auto/zecode/products/model-poses/female_casual_front_standing__DSC6224","https://res.cloudinary.com/ds8llatku/image/upload/f_auto,q_auto/zecode/products/model-poses/female_casual_three_quarter__DSC6224","https://res.cloudinary.com/ds8llatku/image/upload/f_auto,q_auto/zecode/products/model-poses/female_casual_casual_lifestyle__DSC6224",
31,published,,Blue A-Line Denim Skirt with Front Button Closure and Raw Hem Detailing,blue-a-line-denim-skirt-with-front-button-closure-and-raw-hem-detailing,women,dresses,Women,Female,Adults,,,/products/extracted/female_black_mules__DSC4039_Large_3.png,"This blue A-line denim skirt offers a timeless silhouette with a structured yet feminine shape. The front button closure features metallic buttons that add classic appeal, while the raw hem provides a subtle contemporary edge. Crafted from durable, medium-weight denim, the skirt maintains its shape and drape for effortless styling. Designed to pair with casual tops or polished layers, it delivers versatility, comfort, and everyday elegance suitable for multiple seasons and occasions.",,,Blue,,casual,ZC-F0033,false,,,,,,,,,,,"https://res.cloudinary.com/ds8llatku/image/upload/f_auto,q_auto/zecode/products/model-poses/female_casual_front_standing__DSC4039_Large","https://res.cloudinary.com/ds8llatku/image/upload/f_auto,q_auto/zecode/products/model-poses/female_casual_three_quarter__DSC4039_Large","https://res.cloudinary.com/ds8llatku/image/upload/f_auto,q_auto/zecode/products/model-poses/female_casual_casual_lifestyle__DSC4039_Large",
33,published,,Girl's Dusty Rose Tracksuit,girls-dusty-rose-tracksuit,Kids,Tracksuit,Kids,Girl,Kids,,,/products/extracted/female_dusty_rose_pink_tracksuit_athleisure__DSC6165.png,"Discover this stylish dusty rose tracksuit. Crafted with attention to quality and contemporary fashion, this piece offers the perfect blend of style and comfort. The versatile design makes it suitable for various occasions, from casual outings to more polished settings. Quality materials ensure lasting wear while the thoughtful construction provides a comfortable fit. A great addition to any wardrobe. Shop now to add this tracksuit to your collection.",,,Dusty Rose,,athleisure,ZC-KG0043,false,,,,,,,,,,,"https://res.cloudinary.com/ds8llatku/image/upload/f_auto,q_auto/zecode/products/model-poses/female_athletic_front_standing__DSC6165","https://res.cloudinary.com/ds8llatku/image/upload/f_auto,q_auto/zecode/products/model-poses/female_athletic_three_quarter__DSC6165","https://res.cloudinary.com/ds8llatku/image/upload/f_auto,q_auto/zecode/products/model-poses/female_athletic_casual_lifestyle__DSC6165",
35,published,,Girl's Green Graphic Print Dress,girls-green-graphic-print-dress,Kids,Dress,Kids,Girl,Kids,,,"https://res.cloudinary.com/ds8llatku/image/upload/f_auto,q_auto/zecode/products/extracted/female_caramel_brown_cropped_blouse_graphic_print_vintage_SONY_ILCE_7RM5_6304x","Make an impression in this beautiful green dress featuring graphic print design. The flattering silhouette and quality fabric combine to create a piece that moves gracefully with you. Perfect for special occasions, date nights, or elevated everyday wear. The thoughtful construction ensures comfort while the elegant design makes a sophisticated statement. Style with heels for evening events or flats for daytime charm. Shop now to add this dress to your collection.",,,Green,graphic,casual,ZC-KG0044,false,,,,,,,,,,,/products/extracted/model2_female_maroon_blouse__DSC3989_Large_2.png,,,
36,published,,Girl's Green Graphic Print Dress,girls-green-graphic-print-dress-36,Kids,Dress,Kids,Girl,Kids,,,,"Make an impression in this beautiful green dress featuring graphic print design. The flattering silhouette and quality fabric combine to create a piece that moves gracefully with you. Perfect for special occasions, date nights, or elevated everyday wear. The thoughtful construction ensures comfort while the elegant design makes a sophisticated statement. Style with heels for evening events or flats for daytime charm. Shop now to add this dress to your collection.",,,Green,graphic,casual,ZC-KG0045,false,,,,,,,82159402-8449-4188-8235-37b5b29658f5,,,,,,,82159402-8449-4188-8235-37b5b29658f5
37,published,,Hot pink floral print tunic and trouser set with multicolor blooms and white lace trim detailing,hot-pink-floral-print-tunic-trouser-set-white-lace-trim,women,ethnic-fusion,Women,Female,Adults,,,/products/extracted/female_dusty_rose_pink_tracksuit_athleisure__DSC6165.png,"This vibrant hot pink tunic and trouser set features an all-over multicolor floral print that brings a fresh, summery feel to the outfit. The tunic is designed with a relaxed silhouette, flared sleeves, and a V-notch neckline, finished with delicate white lace trim at the hem and cuffs. The matching wide-leg trousers offer comfort and coordinated style. This set delivers effortless elegance, ideal for casual outings, festive gatherings, and warm-weather wear.",,,Hot Pink,graphic,casual,ZC-F0046,false,,,,,,,,,,,"https://res.cloudinary.com/ds8llatku/image/upload/f_auto,q_auto/zecode/products/model-poses/female_athletic_front_standing__DSC6165","https://res.cloudinary.com/ds8llatku/image/upload/f_auto,q_auto/zecode/products/model-poses/female_athletic_three_quarter__DSC6165","https://res.cloudinary.com/ds8llatku/image/upload/f_auto,q_auto/zecode/products/model-poses/female_athletic_casual_lifestyle__DSC6165",
38,published,,Girl's Light Blue Graphic Print Hoodie,girls-light-blue-graphic-print-hoodie,Kids,Hoodie,Kids,Girl,Kids,,,/products/extracted/female_blue_jeans_graphic__DSC6271_2.png,"Embrace comfort and style with this cozy light blue hoodie featuring graphic print design. Crafted from soft, premium fabric, this hoodie offers the perfect blend of warmth and casual fashion. The relaxed fit makes it ideal for lounging, casual outings, or layering on cooler days. Quality construction ensures lasting comfort through countless wears. A versatile staple that pairs effortlessly with jeans, joggers, or shorts. Shop now to add this hoodie to your collection.",,,Light Blue,graphic,casual,ZC-KG0050,false,,,,,,,,,,,"https://res.cloudinary.com/ds8llatku/image/upload/f_auto,q_auto/zecode/products/model-poses/female_casual_front_standing__DSC6271","https://res.cloudinary.com/ds8llatku/image/upload/f_auto,q_auto/zecode/products/model-poses/female_casual_three_quarter__DSC6271","https://res.cloudinary.com/ds8llatku/image/upload/f_auto,q_auto/zecode/products/model-poses/female_casual_casual_lifestyle__DSC6271",
40,published,,Light Blue Distressed Denim Jacket with Button Closure and Raw Hem Cropped Silhouette,light-blue-distressed-denim-jacket-with-button-closure-and-raw-hem-cropped-silhouette,women,jackets,Women,Female,Adults,,,/products/extracted/female_light_blue_jacket_outer__DSC5713_2.png,"This light blue distressed denim jacket features a cropped silhouette with a raw hem for a youthful, contemporary look. Subtle distressed patches across the front, sleeves, and pockets add texture and character without overwhelming the design. The classic button closure, structured collar, and chest pockets maintain traditional denim jacket styling. Crafted from soft yet durable denim, it offers comfortable layering for casual outfits, making it a versatile staple for year-round streetwear-inspired ensembles.",,,Light Blue,,casual,ZC-F0052,false,,,,,,,,,,,"https://res.cloudinary.com/ds8llatku/image/upload/f_auto,q_auto/zecode/products/model-poses/female_casual_front_standing__DSC5713","https://res.cloudinary.com/ds8llatku/image/upload/f_auto,q_auto/zecode/products/model-poses/female_casual_three_quarter__DSC5713","https://res.cloudinary.com/ds8llatku/image/upload/f_auto,q_auto/zecode/products/model-poses/female_casual_casual_lifestyle__DSC5713",
42,published,,Light Blue Wide-Leg Denim Jeans with Angular Patch Pockets,light-blue-wide-leg-denim-jeans-with-angular-patch-pockets,women,jeans,Women,Female,Adults,,,/products/extracted/female_black_polo_shirt__DSC6224_1.png,"These light blue wide-leg denim jeans feature a relaxed silhouette designed for effortless everyday wear. The soft washed denim offers a vintage-inspired look, while the angular patch pockets on the front add a distinctive, modern detail that enhances both style and utility. The mid-rise waistband includes belt loops for versatile styling options, and the straight, roomy legs ensure all-day comfort. Ideal for casual outfits or elevated streetwear looks, these jeans combine durability with contemporary design.",,,Light Blue,,casual,ZC-F0055,false,,,,,,,,,,,"https://res.cloudinary.com/ds8llatku/image/upload/f_auto,q_auto/zecode/products/model-poses/female_casual_front_standing__DSC6224","https://res.cloudinary.com/ds8llatku/image/upload/f_auto,q_auto/zecode/products/model-poses/female_casual_three_quarter__DSC6224","https://res.cloudinary.com/ds8llatku/image/upload/f_auto,q_auto/zecode/products/model-poses/female_casual_casual_lifestyle__DSC6224",
43,published,,Girl's Dark Blue Casual Jacket,girls-dark-blue-casual-jacket,Kids,Casual Jacket,Kids,Girl,Kids,,,/products/extracted/model3_male_black_pants__DSC3713_Large_7.png,"Complete your look with this stylish dark blue jacket. Designed for both style and functionality, this jacket offers protection from the elements while making a fashion statement. The quality construction ensures durability while the modern cut provides a flattering silhouette. Layer over t-shirts, hoodies, or shirts for versatile styling options throughout the seasons. Shop now to add this jacket to your collection.",,,Dark Blue,,casual,ZC-KG0041,false,,,,,,,,,,,"https://res.cloudinary.com/ds8llatku/image/upload/f_auto,q_auto/zecode/products/model-poses/model2_female_casual_front_standing__DSC3713_Large","https://res.cloudinary.com/ds8llatku/image/upload/f_auto,q_auto/zecode/products/model-poses/model2_female_casual_three_quarter__DSC3713_Large","https://res.cloudinary.com/ds8llatku/image/upload/f_auto,q_auto/zecode/products/model-poses/model2_female_casual_casual_lifestyle__DSC3713_Large",
44,published,,Lime Green Ribbed Ruched Drawstring Mini Dress,lime-green-ribbed-ruched-drawstring-mini-dress,women,dresses,Women,Female,Adults,,,/products/extracted/female_dark_blue_jacket_outer__DSC6428_2.png,"This playful mini dress is a vibrant lime green color. It's constructed from a comfortable ribbed knit fabric and features adjustable drawstrings on the side seams, which create a fashionable ruching effect and allow the wearer to customize the length. The lime green hue is bold and summery, while the mini length and bodycon fit make it a stylish choice for casual outings. It is shown paired with a dark denim jacket.",,,Light Green,ribbed,casual,ZC-F0056,false,,,,,,,,,,,"https://res.cloudinary.com/ds8llatku/image/upload/f_auto,q_auto/zecode/products/model-poses/female_casual_chic_front_standing__DSC6428","https://res.cloudinary.com/ds8llatku/image/upload/f_auto,q_auto/zecode/products/model-poses/female_casual_chic_three_quarter__DSC6428","https://res.cloudinary.com/ds8llatku/image/upload/f_auto,q_auto/zecode/products/model-poses/female_casual_chic_casual_lifestyle__DSC6428",
45,published,,Women's Light Purple Zip-Up Knit Jacket with Stand Collar and Long Sleeves,womens-light-purple-zip-up-knit-jacket-stand-collar-long-sleeves,women,activewear,Women,Female,Adults,,,/products/extracted/female_light_blue_jacket_outer__DSC4404_Large_1.png,"This women’s light purple zip-up knit jacket combines soft color with modern comfort for an effortlessly stylish look. Designed with a clean stand collar and smooth front zipper, it offers a relaxed yet polished silhouette. The soft knit fabric provides lightweight warmth, while long sleeves with ribbed cuffs and hem ensure a comfortable fit. Perfect for layering over tops or dresses, this versatile jacket works well for casual outings, travel, or everyday wear, adding a subtle pop of color and cozy elegance to your wardrobe.",,,Purple,,casual,ZC-F0059,false,,,,,,,,,,,"https://res.cloudinary.com/ds8llatku/image/upload/f_auto,q_auto/zecode/products/model-poses/model2_female_casual_front_standing__DSC4404_Large","https://res.cloudinary.com/ds8llatku/image/upload/f_auto,q_auto/zecode/products/model-poses/model2_female_casual_three_quarter__DSC4404_Large","https://res.cloudinary.com/ds8llatku/image/upload/f_auto,q_auto/zecode/products/model-poses/model2_female_casual_casual_lifestyle__DSC4404_Large",
46,published,,Women's Light Grey Sleeveless Knit Top with Ribbed Crew Neck and Relaxed Fit,womens-light-grey-sleeveless-knit-top-ribbed-crew-neck-relaxed-fit,women,tops,Women,Female,Adults,,,/products/extracted/model3_female_beige_hoodie_graphic__DSC3606_6.png,"This women’s light grey sleeveless knit top offers a clean, modern look with effortless versatility. Designed with a ribbed crew neckline and a smooth, structured knit finish, it delivers a polished yet comfortable silhouette. The sleeveless cut makes it perfect for layering under jackets or wearing on its own in warmer weather. Crafted from soft, breathable knit fabric, it provides all-day comfort while maintaining shape. Ideal for casual wear, office layering, or smart-casual styling, this neutral-toned top pairs easily with trousers, skirts, or denim for a refined everyday outfit.",,,Grey,,casual,ZC-F0058,false,,,,,,,,,,,"https://res.cloudinary.com/ds8llatku/image/upload/f_auto,q_auto/zecode/products/model-poses/female_casual_front_standing__DSC3606","https://res.cloudinary.com/ds8llatku/image/upload/f_auto,q_auto/zecode/products/model-poses/female_casual_three_quarter__DSC3606","https://res.cloudinary.com/ds8llatku/image/upload/f_auto,q_auto/zecode/products/model-poses/female_casual_casual_lifestyle__DSC3606",
47,published,,Dark Teal Green Bohemian Tiered Dress with Intricate Floral and Border Print,dark-teal-green-bohemian-tiered-dress-with-intricate-floral-and-border-print,women,ethnic-fusion,Women,Female,Adults,,,"https://res.cloudinary.com/ds8llatku/image/upload/f_auto,q_auto/zecode/products/extracted/female_dark_teal_green_tiered_midi_dress_graphic_print_bohemian_SONY_ILCE_7RM5_9600x","This dark teal green bohemian tiered dress features intricate floral motifs and ornate border prints across the bodice, sleeves, and hemline, creating a rich artisanal aesthetic. The long sleeves and gathered waist enhance its flowing silhouette, while the tiered skirt adds movement and elegance. Crafted from lightweight fabric, it provides breathable comfort for everyday wear or festive occasions. Its detailed prints and refined structure blend traditional charm with effortless contemporary style.",,,Green,graphic,bohemian,ZC-F0042,false,,,,,,,,,,,/products/extracted/model4_female_dark_red_dress__DSC4148_1_11.png,/products/extracted/model2_female_black_midi_dress__DSC4744_Large_4.png,/products/extracted/model2_female_light_pink_dress_graphic__DSC4148_1_5.png,
48,published,,Girl's Beige Flats,girls-beige-flats,Kids,Flats,Kids,Girl,Kids,,,/products/extracted/female_light_beige_ballet_flats__DSC5817_2.png,"Discover this stylish beige flats. Crafted with attention to quality and contemporary fashion, this piece offers the perfect blend of style and comfort. The versatile design makes it suitable for various occasions, from casual outings to more polished settings. Quality materials ensure lasting wear while the thoughtful construction provides a comfortable fit. A great addition to any wardrobe. Shop now to add this flats to your collection.",,,Beige,,casual,ZC-KG0047,false,,,,,,,,,,,"https://res.cloudinary.com/ds8llatku/image/upload/f_auto,q_auto/zecode/products/model-poses/female_casual_front_standing__DSC5817","https://res.cloudinary.com/ds8llatku/image/upload/f_auto,q_auto/zecode/products/model-poses/female_casual_three_quarter__DSC5817","https://res.cloudinary.com/ds8llatku/image/upload/f_auto,q_auto/zecode/products/model-poses/female_casual_casual_lifestyle__DSC5817",
49,published,,Girl's Light Blue Slim Jeans,girls-light-blue-slim-jeans,Kids,Slim Jeans,Kids,Girl,Kids,,,/products/extracted/female_light_blue_jacket_outer__DSC5713_2.png,"Find your perfect fit with these light blue jeans. Crafted from premium denim, these jeans offer the ideal combination of style, comfort, and durability. The classic cut flatters every body type while providing freedom of movement. Versatile enough to dress up or down, these jeans transition seamlessly from casual days to evening outings. A wardrobe essential that pairs perfectly with any top. Shop now to add this jeans to your collection.",,,Light Blue,,casual,ZC-KG0054,false,,,,,,,,,,,"https://res.cloudinary.com/ds8llatku/image/upload/f_auto,q_auto/zecode/products/model-poses/female_casual_front_standing__DSC5713","https://res.cloudinary.com/ds8llatku/image/upload/f_auto,q_auto/zecode/products/model-poses/female_casual_three_quarter__DSC5713","https://res.cloudinary.com/ds8llatku/image/upload/f_auto,q_auto/zecode/products/model-poses/female_casual_casual_lifestyle__DSC5713",
50,published,,Women's Grey Heels,womens-grey-heels,Footwear,Heels,Women,Female,Adults,,,/products/extracted/female_light_grey_heels_file_1616x1080_001036_Large_2.png,"Discover this stylish grey heels. Crafted with attention to quality and contemporary fashion, this piece offers the perfect blend of style and comfort. The versatile design makes it suitable for various occasions, from casual outings to more polished settings. Quality materials ensure lasting wear while the thoughtful construction provides a comfortable fit. A great addition to any wardrobe. Shop now to add this heels to your collection.",,,Grey,,casual,ZC-F0057,false,,,,,,,,,,,,,,
51,published,,Girl's Navy Graphic Print Jumpsuit,girls-navy-graphic-print-jumpsuit,Kids,Jumpsuit,Kids,Girl,Kids,,,/products/extracted/female_light_beige_ballet_flats__DSC5817_2.png,"Discover this stylish navy jumpsuit featuring graphic print design. Crafted with attention to quality and contemporary fashion, this piece offers the perfect blend of style and comfort. The versatile design makes it suitable for various occasions, from casual outings to more polished settings. Quality materials ensure lasting wear while the thoughtful construction provides a comfortable fit. A great addition to any wardrobe. Shop now to add this jumpsuit to your collection.",,,Navy,graphic,casual,ZC-KG0066,false,,,,,,,,,,,"https://res.cloudinary.com/ds8llatku/image/upload/f_auto,q_auto/zecode/products/model-poses/female_casual_front_standing__DSC5817","https://res.cloudinary.com/ds8llatku/image/upload/f_auto,q_auto/zecode/products/model-poses/female_casual_three_quarter__DSC5817","https://res.cloudinary.com/ds8llatku/image/upload/f_auto,q_auto/zecode/products/model-poses/female_casual_casual_lifestyle__DSC5817",
52,published,,Maroon and Gold Print Tie-Sleeve Midi Dress,maroon-and-gold-print-tie-sleeve-midi-dress,women,ethnic-fusion,Women,Female,Adults,,,/products/extracted/female_off-white_dress__DSC3989_Large_1.png,"This elegant midi dress features a rich maroon base color adorned with a delicate, repetitive gold-colored printed motif, likely a small geometric or floral pattern. The dress is designed with a collared V-neckline and a button-front closure extending down the bodice. The sleeves are a unique feature, having a half-sleeve length with a tie-up detail near the cuff, adding a touch of feminine flair. The dress is fitted at the waist, creating an A-line silhouette that falls to a midi length. The deep maroon color and gold print give it a sophisticated, ethnic-inspired look.",,,Maroon,graphic,casual,ZC-F0064,false,,,,,,,,,,,"https://res.cloudinary.com/ds8llatku/image/upload/f_auto,q_auto/zecode/products/model-poses/model2_female_smart_casual_front_standing__DSC3989_Large","https://res.cloudinary.com/ds8llatku/image/upload/f_auto,q_auto/zecode/products/model-poses/model2_female_smart_casual_three_quarter__DSC3989_Large","https://res.cloudinary.com/ds8llatku/image/upload/f_auto,q_auto/zecode/products/model-poses/model2_female_smart_casual_casual_lifestyle__DSC3989_Large",
53,published,,Girl's Navy Graphic Print Jumpsuit,girls-navy-graphic-print-jumpsuit-53,Kids,Jumpsuit,Kids,Girl,Kids,,,/products/extracted/female_light_beige_ballet_flats__DSC5817_2.png,"Discover this stylish navy jumpsuit featuring graphic print design. Crafted with attention to quality and contemporary fashion, this piece offers the perfect blend of style and comfort. The versatile design makes it suitable for various occasions, from casual outings to more polished settings. Quality materials ensure lasting wear while the thoughtful construction provides a comfortable fit. A great addition to any wardrobe. Shop now to add this jumpsuit to your collection.",,,Navy,graphic,casual,ZC-KG0067,false,,,,,,,,,,,"https://res.cloudinary.com/ds8llatku/image/upload/f_auto,q_auto/zecode/products/model-poses/female_casual_front_standing__DSC5817","https://res.cloudinary.com/ds8llatku/image/upload/f_auto,q_auto/zecode/products/model-poses/female_casual_three_quarter__DSC5817","https://res.cloudinary.com/ds8llatku/image/upload/f_auto,q_auto/zecode/products/model-poses/female_casual_casual_lifestyle__DSC5817",
54,published,,Girl's Off-white Graphic Print Dress,girls-off-white-graphic-print-dress,Kids,Dress,Kids,Girl,Kids,,,/products/extracted/female_cream_dress_graphic_print_casual__DSC5663.png,"Make an impression in this beautiful off-white dress featuring graphic print design. The flattering silhouette and quality fabric combine to create a piece that moves gracefully with you. Perfect for special occasions, date nights, or elevated everyday wear. The thoughtful construction ensures comfort while the elegant design makes a sophisticated statement. Style with heels for evening events or flats for daytime charm. Shop now to add this dress to your collection.",,,Off-white,graphic,casual,ZC-KG0068,false,,,,,,,,,,,"https://res.cloudinary.com/ds8llatku/image/upload/f_auto,q_auto/zecode/products/model-poses/female_casual_front_standing__DSC5663","https://res.cloudinary.com/ds8llatku/image/upload/f_auto,q_auto/zecode/products/model-poses/female_casual_three_quarter__DSC5663","https://res.cloudinary.com/ds8llatku/image/upload/f_auto,q_auto/zecode/products/model-poses/female_casual_casual_lifestyle__DSC5663",
56,published,,Women's Olive Green Graphic Print Shirt,womens-olive-green-graphic-print-shirt,women,tops,Women,Female,Adults,,,/products/extracted/model3_female_beige_hoodie_graphic__DSC3606_6.png,"Elevate your style with this sophisticated olive green shirt featuring graphic print detailing. Perfect for both casual and semi-formal occasions, this versatile piece combines comfort with contemporary fashion. The quality fabric ensures breathability while maintaining a crisp appearance throughout the day. Whether heading to the office or a weekend brunch, this shirt delivers effortless elegance. Complete your look by pairing with trousers or jeans.",,,Olive Green,graphic,casual,ZC-F0071,false,,,,,,,,,,,"https://res.cloudinary.com/ds8llatku/image/upload/f_auto,q_auto/zecode/products/model-poses/female_casual_front_standing__DSC3606","https://res.cloudinary.com/ds8llatku/image/upload/f_auto,q_auto/zecode/products/model-poses/female_casual_three_quarter__DSC3606","https://res.cloudinary.com/ds8llatku/image/upload/f_auto,q_auto/zecode/products/model-poses/female_casual_casual_lifestyle__DSC3606",
57,published,,Pale Yellow Floral Print Smocked Bodice Midi Dress,pale-yellow-floral-print-smocked-bodice-midi-dress,women,dresses,Women,Female,Adults,,,"https://res.cloudinary.com/ds8llatku/image/upload/f_auto,q_auto/zecode/products/extracted/female_pale_yellow_midi_dress_graphic_print_casual_file_1616x1080_00103","This lovely midi dress features a soft pale yellow color throughout the body, adorned with a delicate small floral print in shades of pink, red, and green. The top section of the dress has a fitted smocked bodice with a square or straight neckline, providing texture and a comfortable, secure fit. It has thin shoulder straps and a flowing skirt that falls to a midi length. The yellow hue and lightweight fabric make it an ideal choice for a sunny day or casual summer occasion, radiating a romantic and airy aesthetic.",,,Yellow,graphic,casual,ZC-F0072,false,,,,,,,,,,,/products/extracted/model2_female_black_midi_dress__DSC4744_Large_4.png,/products/extracted/model2_female_light_pink_dress_graphic__DSC4148_1_5.png,/products/extracted/model4_female_dark_red_dress__DSC4148_1_11.png,
58,published,,Girl's Pink Hoodie,girls-pink-hoodie,Kids,Hoodie,Kids,Girl,Kids,,,/products/extracted/female_pink_hoodie__DSC6165_1.png,"Embrace comfort and style with this cozy pink hoodie. Crafted from soft, premium fabric, this hoodie offers the perfect blend of warmth and casual fashion. The relaxed fit makes it ideal for lounging, casual outings, or layering on cooler days. Quality construction ensures lasting comfort through countless wears. A versatile staple that pairs effortlessly with jeans, joggers, or shorts. Shop now to add this hoodie to your collection.",,,Pink,,casual,ZC-KG0073,false,,,,,,,,,,,"https://res.cloudinary.com/ds8llatku/image/upload/f_auto,q_auto/zecode/products/model-poses/female_athletic_front_standing__DSC6165","https://res.cloudinary.com/ds8llatku/image/upload/f_auto,q_auto/zecode/products/model-poses/female_athletic_three_quarter__DSC6165","https://res.cloudinary.com/ds8llatku/image/upload/f_auto,q_auto/zecode/products/model-poses/female_athletic_casual_lifestyle__DSC6165",
59,published,,Pink floral print kurta with multicolor blossom pattern and white lace trim detailing on neck and hem,pink-floral-print-kurta-multicolor-blossoms-white-lace-trim,women,ethnic-fusion,Kids,Girl,Kids,,,,"This pink floral print kurta showcases a vibrant mix of multicolor blossoms, creating a fresh and cheerful aesthetic. Designed with a relaxed silhouette, it features a V-notch neckline adorned with delicate white lace trim that continues along the sleeve cuffs and hemline. The soft fabric and wide sleeves enhance comfort and movement, making it ideal for daytime outings or festive casual wear. A charming blend of color and craftsmanship that elevates everyday dressing.",,,Pink,graphic,casual,ZC-KG0074,false,,,,,,,2d325893-a0c8-4abb-bc55-74451762b988,,,,,,,2d325893-a0c8-4abb-bc55-74451762b988
60,published,,Girl's Pink Graphic Print Pants,girls-pink-graphic-print-pants,Kids,Pants,Kids,Girl,Kids,,,"https://res.cloudinary.com/ds8llatku/image/upload/f_auto,q_auto/zecode/products/extracted/female_pink_kurta_graphic_SONY_ILCE-7RM5_9600x6376_000390_1_1","Elevate your everyday style with these versatile pink pants featuring graphic print design. The comfortable fit and quality fabric make these pants perfect for all-day wear. Whether you're at the office, running errands, or enjoying leisure time, these pants deliver both style and functionality. The tailored cut offers a polished look while maintaining comfort. Pair with shirts, t-shirts, or sweaters for endless outfit possibilities. Shop now to add this pants to your collection.",,,Pink,graphic,casual,ZC-KG0075,false,,,,,,,,,,,,,,
62,published,,Women's Black Ribbed Polo Collar Crop Top with Short Sleeves and Relaxed Fit,womens-black-ribbed-polo-collar-crop-top-short-sleeves-relaxed-fit,women,jackets,Women,Female,Adults,,,products/extracted-products/model2_female_light_blue_vest_outer__DSC4404_Large_4.jpg,"This women’s black ribbed polo collar crop top offers a sleek, modern take on a classic silhouette. Designed with a soft polo-style collar and a subtle V-notch neckline, it delivers a polished yet casual look. The ribbed fabric adds texture while providing stretch and comfort for everyday wear. Short sleeves and a cropped length create a flattering, contemporary fit that pairs effortlessly with high-waisted jeans, skirts, or trousers. Perfect for casual outings or smart-casual styling, this versatile black top blends comfort, style, and effortless sophistication.",,,Pink,,casual,ZC-F0076,false,,,,,,,,,,,"https://res.cloudinary.com/ds8llatku/image/upload/f_auto,q_auto/zecode/products/model-poses/model2_female_casual_front_standing__DSC4404_Large","https://res.cloudinary.com/ds8llatku/image/upload/f_auto,q_auto/zecode/products/model-poses/model2_female_casual_three_quarter__DSC4404_Large","https://res.cloudinary.com/ds8llatku/image/upload/f_auto,q_auto/zecode/products/model-poses/model2_female_casual_casual_lifestyle__DSC4404_Large",
63,published,,Women’s Pink Straight-Fit Track Pants with Elastic Waist & Drawstring,womens-pink-straight-fit-track-pants-with-elastic-waist-drawstring,women,activewear,Women,Female,Adults,,,/products/extracted/female_dusty_rose_pink_tracksuit_athleisure__DSC6165.png,"These women’s pink straight-fit track pants are designed for effortless comfort and everyday style. Crafted from soft, breathable fabric, they feature a clean straight silhouette that works for lounging, travel, or casual outings. The elasticated waistband with adjustable drawstring ensures a secure, flexible fit, while side pockets add everyday functionality. Finished in a versatile solid pink tone, these track pants pair easily with tees, hoodies, or crop tops for a relaxed yet polished athleisure look.",,,Pink,,casual,ZC-F0077,false,,,,,,,,,,,"https://res.cloudinary.com/ds8llatku/image/upload/f_auto,q_auto/zecode/products/model-poses/female_athletic_front_standing__DSC6165","https://res.cloudinary.com/ds8llatku/image/upload/f_auto,q_auto/zecode/products/model-poses/female_athletic_three_quarter__DSC6165","https://res.cloudinary.com/ds8llatku/image/upload/f_auto,q_auto/zecode/products/model-poses/female_athletic_casual_lifestyle__DSC6165",
64,published,,Red Ribbed Knit Sleeveless Mock-Neck Top,red-ribbed-knit-sleeveless-mock-neck-top,women,tops,Women,Female,Adults,,,/products/extracted/female_blue_jeans_graphic__DSC6271_2.png,"This striking garment is a vibrant red sleeveless mock-neck top. The top is made from a fine red ribbed knit fabric, which provides a close, form-fitting silhouette that highlights the texture of the material. It features a sophisticated mock neckline that rises high on the neck, offering a modern alternative to a traditional crew neck. The sleeveless design makes it an excellent choice for warm weather or for layering. The bold bright red color provides a significant visual statement and pairs well with  jeans, creating a trendy, high-contrast aesthetic.",,,Red,,casual,ZC-F0078,false,,,,,,,,,,,"https://res.cloudinary.com/ds8llatku/image/upload/f_auto,q_auto/zecode/products/model-poses/female_casual_front_standing__DSC6271","https://res.cloudinary.com/ds8llatku/image/upload/f_auto,q_auto/zecode/products/model-poses/female_casual_three_quarter__DSC6271","https://res.cloudinary.com/ds8llatku/image/upload/f_auto,q_auto/zecode/products/model-poses/female_casual_casual_lifestyle__DSC6271",
66,published,,Girl's White Graphic Print Dress,girls-white-graphic-print-dress,Kids,Dress,Kids,Girl,Kids,,,/products/extracted/female_white_dress_graphic__DSC5484_1.png,"Make an impression in this beautiful white dress featuring graphic print design. The flattering silhouette and quality fabric combine to create a piece that moves gracefully with you. Perfect for special occasions, date nights, or elevated everyday wear. The thoughtful construction ensures comfort while the elegant design makes a sophisticated statement. Style with heels for evening events or flats for daytime charm. Shop now to add this dress to your collection.",,,White,graphic,casual,ZC-KG0080,false,,,,,,,,,,,"https://res.cloudinary.com/ds8llatku/image/upload/f_auto,q_auto/zecode/products/model-poses/female_casual_front_standing__DSC5484","https://res.cloudinary.com/ds8llatku/image/upload/f_auto,q_auto/zecode/products/model-poses/female_casual_three_quarter__DSC5484","https://res.cloudinary.com/ds8llatku/image/upload/f_auto,q_auto/zecode/products/model-poses/female_casual_casual_lifestyle__DSC5484",
67,published,,Women's White Short Sleeve Button-Down Shirt Dress with Collared Neckline,womens-white-short-sleeve-button-down-shirt-dress-collared-neckline,women,dresses,Women,Female,Adults,,,/products/extracted/female_off-white_dress__DSC3989_Large_1.png,"This women’s white short sleeve button-down shirt dress offers a clean, timeless look with effortless everyday style. Designed with a classic collared neckline and full front button closure, it creates a flattering, structured silhouette. The lightly fitted waist enhances shape while maintaining comfort, and the short sleeves make it ideal for warm-weather wear. Crafted from lightweight, breathable fabric, this versatile white dress can be styled casually with flats or elevated with accessories, making it perfect for work, outings, or relaxed occasions.",,,White,,casual,ZC-F0082,false,,,,,,,,,,,"https://res.cloudinary.com/ds8llatku/image/upload/f_auto,q_auto/zecode/products/model-poses/model2_female_smart_casual_front_standing__DSC3989_Large","https://res.cloudinary.com/ds8llatku/image/upload/f_auto,q_auto/zecode/products/model-poses/model2_female_smart_casual_three_quarter__DSC3989_Large","https://res.cloudinary.com/ds8llatku/image/upload/f_auto,q_auto/zecode/products/model-poses/model2_female_smart_casual_casual_lifestyle__DSC3989_Large",
68,published,,Off-White Short-Sleeve Button-Down Shirtdress,off-white-short-sleeve-button-down-shirtdress,women,dresses,Women,Female,Adults,,,/products/extracted/female_cream_dress_graphic_print_casual__DSC5663.png,"This professional and elegant dress is an off-white shirtdress. It features a sharp collared neckline and short sleeves, with a full button-down closure down the center front. The fabric appears slightly textured and opaque. The dress has a slightly defined waist and a midi skirt, and the off-white color gives it a soft, sophisticated look suitable for a business environment.",,,Off-white,,casual,ZC-F0069,false,,,,,,,,,,,"https://res.cloudinary.com/ds8llatku/image/upload/f_auto,q_auto/zecode/products/model-poses/female_casual_front_standing__DSC5663","https://res.cloudinary.com/ds8llatku/image/upload/f_auto,q_auto/zecode/products/model-poses/female_casual_three_quarter__DSC5663","https://res.cloudinary.com/ds8llatku/image/upload/f_auto,q_auto/zecode/products/model-poses/female_casual_casual_lifestyle__DSC5663",
69,published,,Women's White Midi Dress,womens-white-midi-dress,women,dresses,Women,Female,Adults,,,,"Make an impression in this beautiful white dress. The flattering silhouette and quality fabric combine to create a piece that moves gracefully with you. Perfect for special occasions, date nights, or elevated everyday wear. The thoughtful construction ensures comfort while the elegant design makes a sophisticated statement. Style with heels for evening events or flats for daytime charm. Shop now to add this dress to your collection.",,,White,,casual,ZC-F0081,false,,,,,,,82a4eba4-92d1-424f-bd64-bf7bbe8f3044,,,,,,,82a4eba4-92d1-424f-bd64-bf7bbe8f3044
70,published,,Women’s Light Beige Quilted Button-Up Shirt with Collared Neck,womens-light-beige-quilted-button-up-shirt-with-collared-neck,women,shirts,Women,Female,Adults,,,/products/extracted/female_light_beige_button_up_shirt_graphic__DSC6321_1.png,"This women’s light beige quilted button-up shirt offers a perfect balance of comfort and understated elegance. Crafted with a soft textured fabric, it features a classic collared neckline and full front button closure for a timeless look. The relaxed silhouette and long sleeves with cuffed hems make it ideal for layering or standalone wear. Finished in a versatile neutral tone, this shirt pairs seamlessly with wide-leg pants, denims, or skirts, making it a refined choice for everyday casual and smart-casual styling.",,,Beige,graphic,casual,ZC-F0048,false,,,,,,,,,,,"https://res.cloudinary.com/ds8llatku/image/upload/f_auto,q_auto/zecode/products/model-poses/female_casual_front_standing__DSC6321","https://res.cloudinary.com/ds8llatku/image/upload/f_auto,q_auto/zecode/products/model-poses/female_casual_three_quarter__DSC6321","https://res.cloudinary.com/ds8llatku/image/upload/f_auto,q_auto/zecode/products/model-poses/female_casual_casual_lifestyle__DSC6321",
71,published,,Boy's Black Graphic Print Hoodie,boys-black-graphic-print-hoodie,Kids,Hoodie,Kids,Boy,Kids,,,/products/extracted/male_black_color-block_hoodie_color-block_streetwear__DSC5833.png,"Embrace comfort and style with this cozy black hoodie featuring graphic print design. Crafted from soft, premium fabric, this hoodie offers the perfect blend of warmth and casual fashion. The relaxed fit makes it ideal for lounging, casual outings, or layering on cooler days. Quality construction ensures lasting comfort through countless wears. A versatile staple that pairs effortlessly with jeans, joggers, or shorts. Shop now to add this hoodie to your collection.",,,Black,graphic,casual,ZC-KB0088,false,,,,,,,,,,,"https://res.cloudinary.com/ds8llatku/image/upload/f_auto,q_auto/zecode/products/model-poses/male_casual_front_standing__DSC5833","https://res.cloudinary.com/ds8llatku/image/upload/f_auto,q_auto/zecode/products/model-poses/male_casual_three_quarter__DSC5833","https://res.cloudinary.com/ds8llatku/image/upload/f_auto,q_auto/zecode/products/model-poses/male_casual_casual_lifestyle__DSC5833",
72,published,,"Men's Black Faux Leather Biker Jacket with Zip Front, Notch Lapel and Long Sleeves",mens-black-faux-leather-biker-jacket-zip-front-notch-lapel-long-sleeves,men,jackets,Men,Male,Adults,,,/products/extracted/male_black_jacket_outer__DSC4773_1.png,"This men’s black faux leather biker jacket delivers a bold, timeless look inspired by classic moto styling. Designed with a sharp notch lapel and asymmetric zip-front closure, it adds an edgy yet refined touch to any outfit. The smooth faux leather finish offers durability and comfort, while multiple zip pockets provide both style and functionality. Long sleeves with zip cuffs enhance the authentic biker appeal. Perfect for casual wear or evening outings, this versatile black jacket pairs effortlessly with jeans or boots, making it a must-have statement piece for modern wardrobes.",,,Black,,casual,ZC-M0089,false,,,,,,,,216f5550-be1d-4341-bd05-9ebfde7d3353,914eecfa-d6e2-4a53-8911-9bdc496f90d1,7b23520a-2257-41d9-be04-2194a7f02785,"https://res.cloudinary.com/ds8llatku/image/upload/f_auto,q_auto/zecode/products/model-poses/male_streetwear_front_standing__DSC4773","https://res.cloudinary.com/ds8llatku/image/upload/f_auto,q_auto/zecode/products/model-poses/male_streetwear_three_quarter__DSC4773","https://res.cloudinary.com/ds8llatku/image/upload/f_auto,q_auto/zecode/products/model-poses/male_streetwear_casual_lifestyle__DSC4773",
73,published,,Men's Black Casual Jacket,mens-black-casual-jacket-73,Outerwear,Casual Jacket,Men,Male,Adults,,,/products/extracted/male_black_jacket_outer__DSC4773_1.png,"Complete your look with this stylish black jacket. Designed for both style and functionality, this jacket offers protection from the elements while making a fashion statement. The quality construction ensures durability while the modern cut provides a flattering silhouette. Layer over t-shirts, hoodies, or shirts for versatile styling options throughout the seasons. Shop now to add this jacket to your collection.",,,Black,,casual,ZC-M0090,false,,,,,,,,,,,"https://res.cloudinary.com/ds8llatku/image/upload/f_auto,q_auto/zecode/products/model-poses/male_streetwear_front_standing__DSC4773","https://res.cloudinary.com/ds8llatku/image/upload/f_auto,q_auto/zecode/products/model-poses/male_streetwear_three_quarter__DSC4773","https://res.cloudinary.com/ds8llatku/image/upload/f_auto,q_auto/zecode/products/model-poses/male_streetwear_casual_lifestyle__DSC4773",
74,published,,Men's Black Slim Pants,mens-black-slim-pants,Bottoms,Slim Pants,Men,Male,Adults,,,/products/extracted/male_black_pants_SONY_ILCE-7RM5_6304x4180_000006_2.png,"Elevate your everyday style with these versatile black pants. The comfortable fit and quality fabric make these pants perfect for all-day wear. Whether you're at the office, running errands, or enjoying leisure time, these pants deliver both style and functionality. The tailored cut offers a polished look while maintaining comfort. Pair with shirts, t-shirts, or sweaters for endless outfit possibilities. Shop now to add this pants to your collection.",,,Black,,casual,ZC-M0091,false,,,,,,,,,,,/products/extracted/model2_male_black_pants__DSC3952_Large_5.png,/products/extracted/model2_male_black_pants__DSC4537_Large_3.png,/products/extracted/model3_male_black_pants__DSC3713_Large_7.png,
75,published,,Men's Black Slim Pants,mens-black-slim-pants-75,Bottoms,Slim Pants,Men,Male,Adults,,,/products/extracted/model3_female_blue_denim_vest_outer__DSC4293_Large_8.png,"Elevate your everyday style with these versatile black pants. The comfortable fit and quality fabric make these pants perfect for all-day wear. Whether you're at the office, running errands, or enjoying leisure time, these pants deliver both style and functionality. The tailored cut offers a polished look while maintaining comfort. Pair with shirts, t-shirts, or sweaters for endless outfit possibilities. Shop now to add this pants to your collection.",,,Black,,casual,ZC-M0093,false,,,,,,,,,,,"https://res.cloudinary.com/ds8llatku/image/upload/f_auto,q_auto/zecode/products/model-poses/model4_male_casual_front_standing__DSC4293_Large","https://res.cloudinary.com/ds8llatku/image/upload/f_auto,q_auto/zecode/products/model-poses/model4_male_casual_three_quarter__DSC4293_Large","https://res.cloudinary.com/ds8llatku/image/upload/f_auto,q_auto/zecode/products/model-poses/model4_male_casual_casual_lifestyle__DSC4293_Large",
76,published,,Black Graphic T-Shirt with Orange “NEW YORK CITY” Text Print on Front,black-graphic-t-shirt-with-orange-new-york-city-text-print-on-front,Tops,T-Shirt,Men,Male,Adults,,,/products/extracted/model3_female_blue_sleeveless_top__DSC4597_Large_7.png,"This black graphic T-shirt features a bold front print showcasing the text “NEW YORK CITY” in striking orange and white typography, framed within a rectangular border for a clean, modern look. Crafted from soft, breathable cotton, it offers all-day comfort and a classic crew neckline with short sleeves for versatile wear. The vibrant urban-inspired print adds character, making this T-shirt ideal for streetwear styling, casual outings, or layering under jackets and hoodies.",,,Black,graphic,casual,ZC-M0099,false,,,,,,,,,,,"https://res.cloudinary.com/ds8llatku/image/upload/f_auto,q_auto/zecode/products/model-poses/model3_female_casual_front_standing__DSC4597_Large","https://res.cloudinary.com/ds8llatku/image/upload/f_auto,q_auto/zecode/products/model-poses/model3_female_casual_three_quarter__DSC4597_Large","https://res.cloudinary.com/ds8llatku/image/upload/f_auto,q_auto/zecode/products/model-poses/model3_female_casual_casual_lifestyle__DSC4597_Large",
77,published,,Black Ribbed T-Shirt with White Floral Line Art Graphic Patch on Front,black-ribbed-t-shirt-with-white-floral-line-art-graphic-patch-on-front,Tops,T-Shirt,Men,Male,Adults,,,/products/extracted/male_black_ribbed_t-shirt_graphic_print_streetwear__DSC6708.png,"This black ribbed T-shirt features a striking white floral line art graphic displayed prominently on a front patch, adding artistic contrast to its minimalist design. The ribbed texture enhances visual depth while offering a comfortable, flexible fit suitable for all-day wear. With its classic crew neckline and relaxed short sleeves, this T-shirt blends modern streetwear aesthetics with subtle elegance. It pairs easily with jeans, joggers, and layered outfits for versatile, refined casual styling.",,,Black,graphic,casual,ZC-M0101,false,,,,,,,,,,,"https://res.cloudinary.com/ds8llatku/image/upload/f_auto,q_auto/zecode/products/model-poses/male_casual_front_standing__DSC6708","https://res.cloudinary.com/ds8llatku/image/upload/f_auto,q_auto/zecode/products/model-poses/male_casual_three_quarter__DSC6708","https://res.cloudinary.com/ds8llatku/image/upload/f_auto,q_auto/zecode/products/model-poses/male_casual_casual_lifestyle__DSC6708",
78,published,,Boy's Blue Slim Jeans,boys-blue-slim-jeans,Kids,Slim Jeans,Kids,Boy,Kids,,,/products/extracted/male_black_t_shirt_graphic__DSC5170_1.png,"Find your perfect fit with these blue jeans. Crafted from premium denim, these jeans offer the ideal combination of style, comfort, and durability. The classic cut flatters every body type while providing freedom of movement. Versatile enough to dress up or down, these jeans transition seamlessly from casual days to evening outings. A wardrobe essential that pairs perfectly with any top. Shop now to add this jeans to your collection.",,,Blue,,casual,ZC-KB0102,false,,,,,,,,,,,/products/extracted/model3_male_black_t_shirt__DSC3713_Large_6.png,/products/extracted/model2_male_orange_t_shirt_under_graphic__DSC3820_Large_7.png,/products/extracted/model3_male_orange_t_shirt_graphic__DSC3868_Large_6.png,
79,published,,Boy's Beige Graphic Print T-Shirt,boys-beige-graphic-print-t-shirt,Kids,T-Shirt,Kids,Boy,Kids,,,/products/extracted/male_beige_t_shirt_under_graphic__DSC5549_2.png,"Upgrade your casual wardrobe with this stylish beige t-shirt. Crafted from premium quality fabric, this graphic print tee offers exceptional comfort and a modern fit. The versatile design makes it perfect for everyday wear, whether you're running errands, meeting friends, or relaxing at home. The durable construction ensures this piece will maintain its shape and color through countless washes. Pair with jeans for a classic look or dress it up with chinos.",,,Beige,graphic,casual,ZC-KB0085,false,,,,,,,,,,,/products/extracted/model2_male_orange_t_shirt_under_graphic__DSC3820_Large_7.png,/products/extracted/model3_male_black_t_shirt__DSC3713_Large_6.png,/products/extracted/model3_male_orange_t_shirt_graphic__DSC3868_Large_6.png,
80,published,,Men's Black Hoodie,mens-black-hoodie,Tops,Hoodie,Men,Male,Adults,,,/products/extracted/male_black_color-block_hoodie_color-block_streetwear__DSC5833.png,"Embrace comfort and style with this cozy black hoodie. Crafted from soft, premium fabric, this hoodie offers the perfect blend of warmth and casual fashion. The relaxed fit makes it ideal for lounging, casual outings, or layering on cooler days. Quality construction ensures lasting comfort through countless wears. A versatile staple that pairs effortlessly with jeans, joggers, or shorts. Shop now to add this hoodie to your collection.",,,Black,,streetwear,ZC-M0087,false,,,,,,,,,,,"https://res.cloudinary.com/ds8llatku/image/upload/f_auto,q_auto/zecode/products/model-poses/male_casual_front_standing__DSC5833","https://res.cloudinary.com/ds8llatku/image/upload/f_auto,q_auto/zecode/products/model-poses/male_casual_three_quarter__DSC5833","https://res.cloudinary.com/ds8llatku/image/upload/f_auto,q_auto/zecode/products/model-poses/male_casual_casual_lifestyle__DSC5833",
81,published,,Men's Black Slim Pants,mens-black-slim-pants-81,Bottoms,Slim Pants,Men,Male,Adults,,,/products/extracted/male_black_pants_SONY_ILCE-7RM5_6304x4180_000037_4.png,"Elevate your everyday style with these versatile black pants. The comfortable fit and quality fabric make these pants perfect for all-day wear. Whether you're at the office, running errands, or enjoying leisure time, these pants deliver both style and functionality. The tailored cut offers a polished look while maintaining comfort. Pair with shirts, t-shirts, or sweaters for endless outfit possibilities. Shop now to add this pants to your collection.",,,Black,,casual,ZC-M0092,false,,,,,,,,,,,/products/extracted/model2_male_blue_jeans_SONY_ILCE-7RM5_6304x4180_000037_7.png,/products/extracted/model2_male_white_polo_shirt_striped_SONY_ILCE-7RM5_6304x4180_000037_6.png,/products/extracted/model2_male_black_pants__DSC3952_Large_5.png,
82,published,,Men's Black Slim Pants,mens-black-slim-pants-82,Bottoms,Slim Pants,Men,Male,Adults,,,/products/extracted/male_black_jacket_outer__DSC4815_Large_1.png,"Elevate your everyday style with these versatile black pants. The comfortable fit and quality fabric make these pants perfect for all-day wear. Whether you're at the office, running errands, or enjoying leisure time, these pants deliver both style and functionality. The tailored cut offers a polished look while maintaining comfort. Pair with shirts, t-shirts, or sweaters for endless outfit possibilities. Shop now to add this pants to your collection.",,,Black,,casual,ZC-M0094,false,,,,,,,,,,,"https://res.cloudinary.com/ds8llatku/image/upload/f_auto,q_auto/zecode/products/model-poses/male_streetwear_front_standing__DSC4815_Large","https://res.cloudinary.com/ds8llatku/image/upload/f_auto,q_auto/zecode/products/model-poses/male_streetwear_three_quarter__DSC4815_Large","https://res.cloudinary.com/ds8llatku/image/upload/f_auto,q_auto/zecode/products/model-poses/male_streetwear_casual_lifestyle__DSC4815_Large",
83,published,,Men's Black Slim Pants,mens-black-slim-pants-83,Bottoms,Slim Pants,Men,Male,Adults,,,/products/extracted/male_black_pants__DSC5909_3.png,"Elevate your everyday style with these versatile black pants. The comfortable fit and quality fabric make these pants perfect for all-day wear. Whether you're at the office, running errands, or enjoying leisure time, these pants deliver both style and functionality. The tailored cut offers a polished look while maintaining comfort. Pair with shirts, t-shirts, or sweaters for endless outfit possibilities. Shop now to add this pants to your collection.",,,Black,,casual,ZC-M0095,false,,,,,,,,,,,"https://res.cloudinary.com/ds8llatku/image/upload/f_auto,q_auto/zecode/products/model-poses/male_casual_front_standing__DSC5909","https://res.cloudinary.com/ds8llatku/image/upload/f_auto,q_auto/zecode/products/model-poses/male_casual_three_quarter__DSC5909","https://res.cloudinary.com/ds8llatku/image/upload/f_auto,q_auto/zecode/products/model-poses/male_casual_casual_lifestyle__DSC5909",
84,published,,Black Ribbed T-Shirt with White Floral Line Art Graphic on Chest,black-ribbed-t-shirt-with-white-floral-line-art-graphic-on-chest,Tops,T-Shirt,Men,Male,Adults,,,/products/extracted/male_black_ribbed_t-shirt_graphic_print_streetwear__DSC6708.png,"This black ribbed T-shirt features a clean, modern design enhanced by a delicate white floral line art graphic placed on the chest. The ribbed texture adds dimension and structure while maintaining a comfortable stretch for everyday wear. Its classic crew neckline and tailored short sleeves deliver a refined fit suitable for casual, streetwear, or layered looks. Minimalistic yet expressive, this T-shirt offers a versatile wardrobe option that blends subtle artistry with contemporary style.",,,Black,graphic,streetwear,ZC-M0096,false,,,,,,,,,,,"https://res.cloudinary.com/ds8llatku/image/upload/f_auto,q_auto/zecode/products/model-poses/male_casual_front_standing__DSC6708","https://res.cloudinary.com/ds8llatku/image/upload/f_auto,q_auto/zecode/products/model-poses/male_casual_three_quarter__DSC6708","https://res.cloudinary.com/ds8llatku/image/upload/f_auto,q_auto/zecode/products/model-poses/male_casual_casual_lifestyle__DSC6708",
85,published,,Men's Black Graphic Print Button-Up Shirt,mens-black-graphic-print-button-up-shirt,men,shirts,Men,Male,Adults,,,/products/extracted/male_black_short_sleeve_button_up_shirt_graphic__DSC3419_Large_1.png,"Make a refined statement with this black button-up shirt featuring graphic print design. Tailored for a modern fit, this shirt transitions seamlessly from professional settings to casual outings. The premium fabric offers comfort and durability, while thoughtful details add a touch of sophistication. Perfect for layering under blazers or wearing solo with rolled sleeves. A versatile wardrobe essential for the style-conscious individual. Shop now to add this button-up shirt to your collection.",,,Black,graphic,casual,ZC-M0098,false,,,,,,,,,,,"https://res.cloudinary.com/ds8llatku/image/upload/f_auto,q_auto/zecode/products/model-poses/male_casual_front_standing__DSC3419_Large","https://res.cloudinary.com/ds8llatku/image/upload/f_auto,q_auto/zecode/products/model-poses/male_casual_three_quarter__DSC3419_Large","https://res.cloudinary.com/ds8llatku/image/upload/f_auto,q_auto/zecode/products/model-poses/male_casual_casual_lifestyle__DSC3419_Large",
86,published,,Boy's Black Graphic Print T-Shirt,boys-black-graphic-print-t-shirt,Kids,T-Shirt,Kids,Boy,Kids,,,/products/extracted/male_black_t_shirt_graphic__DSC5170_1.png,"Upgrade your casual wardrobe with this stylish black t-shirt. Crafted from premium quality fabric, this graphic print tee offers exceptional comfort and a modern fit. The versatile design makes it perfect for everyday wear, whether you're running errands, meeting friends, or relaxing at home. The durable construction ensures this piece will maintain its shape and color through countless washes. Pair with jeans for a classic look or dress it up with chinos.",,,Black,graphic,casual,ZC-KB0100,false,,,,,,,,,,,/products/extracted/model3_male_black_t_shirt__DSC3713_Large_6.png,/products/extracted/model2_male_orange_t_shirt_under_graphic__DSC3820_Large_7.png,/products/extracted/model3_male_orange_t_shirt_graphic__DSC3868_Large_6.png,
87,published,,Men's Classic Beige T-Shirt,mens-classic-beige-t-shirt,Tops,Classic T-Shirt,Men,Male,Adults,,,/products/extracted/model3_male_dark_grey_jeans__DSC3868_Large_7.png,"Upgrade your casual wardrobe with this stylish beige t-shirt. Crafted from premium quality fabric, this tee offers exceptional comfort and a modern fit. The versatile design makes it perfect for everyday wear, whether you're running errands, meeting friends, or relaxing at home. The durable construction ensures this piece will maintain its shape and color through countless washes. Pair with jeans for a classic look or dress it up with chinos. Shop now to add this t-shirt to your collection.",,,Beige,,casual,ZC-M0086,false,,,,,,,,,,,"https://res.cloudinary.com/ds8llatku/image/upload/f_auto,q_auto/zecode/products/model-poses/model4_female_casual_front_standing__DSC3868_Large","https://res.cloudinary.com/ds8llatku/image/upload/f_auto,q_auto/zecode/products/model-poses/model4_female_casual_three_quarter__DSC3868_Large","https://res.cloudinary.com/ds8llatku/image/upload/f_auto,q_auto/zecode/products/model-poses/model4_female_casual_casual_lifestyle__DSC3868_Large",
88,published,,Women's Black Ribbed Polo Collar Crop Top with Short Sleeves and Relaxed Fit,womens-black-ribbed-polo-collar-crop-top-short-sleeves-relaxed-fit,women,tops,Women,Female,Adults,,,/products/extracted/female_black_polo_shirt__DSC6224_1.png,"This women’s black ribbed polo collar crop top offers a sleek, modern take on a classic silhouette. Designed with a soft polo-style collar and a subtle V-notch neckline, it delivers a polished yet casual look. The ribbed fabric adds texture while providing stretch and comfort for everyday wear. Short sleeves and a cropped length create a flattering, contemporary fit that pairs effortlessly with high-waisted jeans, skirts, or trousers. Perfect for casual outings or smart-casual styling, this versatile black top blends comfort, style, and effortless sophistication.",,,Black,,casual,ZC-F0024,false,,,,,,,,,,,"https://res.cloudinary.com/ds8llatku/image/upload/f_auto,q_auto/zecode/products/model-poses/female_casual_front_standing__DSC6224","https://res.cloudinary.com/ds8llatku/image/upload/f_auto,q_auto/zecode/products/model-poses/female_casual_three_quarter__DSC6224","https://res.cloudinary.com/ds8llatku/image/upload/f_auto,q_auto/zecode/products/model-poses/female_casual_casual_lifestyle__DSC6224",
89,published,,Boy's Brown Graphic Print Varsity Jacket,boys-brown-graphic-print-varsity-jacket,Kids,Varsity Jacket,Kids,Boy,Kids,,,/products/extracted/male_black_pants__DSC5909_3.png,"Discover this stylish brown varsity jacket featuring graphic print design. Crafted with attention to quality and contemporary fashion, this piece offers the perfect blend of style and comfort. The versatile design makes it suitable for various occasions, from casual outings to more polished settings. Quality materials ensure lasting wear while the thoughtful construction provides a comfortable fit. A great addition to any wardrobe. Shop now to add this varsity jacket to your collection.",,,Brown,graphic,casual,ZC-KB0111,false,,,,,,,,,,,"https://res.cloudinary.com/ds8llatku/image/upload/f_auto,q_auto/zecode/products/model-poses/male_casual_front_standing__DSC5909","https://res.cloudinary.com/ds8llatku/image/upload/f_auto,q_auto/zecode/products/model-poses/male_casual_three_quarter__DSC5909","https://res.cloudinary.com/ds8llatku/image/upload/f_auto,q_auto/zecode/products/model-poses/male_casual_casual_lifestyle__DSC5909",
90,published,,Boy's Dark Blue Graphic Print Jeans,boys-dark-blue-graphic-print-jeans,Kids,Jeans,Kids,Boy,Kids,,,/products/extracted/male_dark_blue_cargo_jeans_graphic_print_streetwear__DSC7728.png,"Find your perfect fit with these dark blue jeans with graphic print details. Crafted from premium denim, these jeans offer the ideal combination of style, comfort, and durability. The classic cut flatters every body type while providing freedom of movement. Versatile enough to dress up or down, these jeans transition seamlessly from casual days to evening outings. A wardrobe essential that pairs perfectly with any top. Shop now to add this jeans to your collection.",,,Dark Blue,graphic,streetwear,ZC-KB0112,false,,,,,,,,,,,"https://res.cloudinary.com/ds8llatku/image/upload/f_auto,q_auto/zecode/products/model-poses/male_casual_front_standing__DSC7728","https://res.cloudinary.com/ds8llatku/image/upload/f_auto,q_auto/zecode/products/model-poses/male_casual_three_quarter__DSC7728","https://res.cloudinary.com/ds8llatku/image/upload/f_auto,q_auto/zecode/products/model-poses/male_casual_casual_lifestyle__DSC7728",
91,published,,Men's Dark Blue Cargo Pants,mens-dark-blue-cargo-pants,Bottoms,Cargo Pants,Men,Male,Adults,,,/products/extracted/male_dark_blue_cargo_pants__DSC4827_Large_2.png,"Discover this stylish dark blue cargo pants. Crafted with attention to quality and contemporary fashion, this piece offers the perfect blend of style and comfort. The versatile design makes it suitable for various occasions, from casual outings to more polished settings. Quality materials ensure lasting wear while the thoughtful construction provides a comfortable fit. A great addition to any wardrobe. Shop now to add this cargo pants to your collection.",,,Dark Blue,,casual,ZC-M0113,false,,,,,,,,,,,"https://res.cloudinary.com/ds8llatku/image/upload/f_auto,q_auto/zecode/products/model-poses/model2_female_casual_front_standing__DSC4827_Large","https://res.cloudinary.com/ds8llatku/image/upload/f_auto,q_auto/zecode/products/model-poses/model2_female_casual_three_quarter__DSC4827_Large","https://res.cloudinary.com/ds8llatku/image/upload/f_auto,q_auto/zecode/products/model-poses/model2_female_casual_casual_lifestyle__DSC4827_Large",
92,published,,Men's Dark Blue Denim Jacket,mens-dark-blue-denim-jacket,Outerwear,Denim Jacket,Men,Male,Adults,,,/products/extracted/model3_female_blue_denim_vest_outer__DSC4293_Large_8.png,"Discover this stylish dark blue denim jacket. Crafted with attention to quality and contemporary fashion, this piece offers the perfect blend of style and comfort. The versatile design makes it suitable for various occasions, from casual outings to more polished settings. Quality materials ensure lasting wear while the thoughtful construction provides a comfortable fit. A great addition to any wardrobe. Shop now to add this denim jacket to your collection.",,,Dark Blue,,casual,ZC-M0114,false,,,,,,,,,,,"https://res.cloudinary.com/ds8llatku/image/upload/f_auto,q_auto/zecode/products/model-poses/model4_male_casual_front_standing__DSC4293_Large","https://res.cloudinary.com/ds8llatku/image/upload/f_auto,q_auto/zecode/products/model-poses/model4_male_casual_three_quarter__DSC4293_Large","https://res.cloudinary.com/ds8llatku/image/upload/f_auto,q_auto/zecode/products/model-poses/model4_male_casual_casual_lifestyle__DSC4293_Large",
93,published,,Men's Dark Blue Casual Jacket,mens-dark-blue-casual-jacket,Outerwear,Casual Jacket,Men,Male,Adults,,,/products/extracted/model3_female_blue_denim_vest_outer__DSC4293_Large_8.png,"Complete your look with this stylish dark blue jacket. Designed for both style and functionality, this jacket offers protection from the elements while making a fashion statement. The quality construction ensures durability while the modern cut provides a flattering silhouette. Layer over t-shirts, hoodies, or shirts for versatile styling options throughout the seasons. Shop now to add this jacket to your collection.",,,Dark Blue,,casual,ZC-M0115,false,,,,,,,,,,,"https://res.cloudinary.com/ds8llatku/image/upload/f_auto,q_auto/zecode/products/model-poses/model4_male_casual_front_standing__DSC4293_Large","https://res.cloudinary.com/ds8llatku/image/upload/f_auto,q_auto/zecode/products/model-poses/model4_male_casual_three_quarter__DSC4293_Large","https://res.cloudinary.com/ds8llatku/image/upload/f_auto,q_auto/zecode/products/model-poses/model4_male_casual_casual_lifestyle__DSC4293_Large",
94,published,,Men's Dark Blue Slim Jeans,mens-dark-blue-slim-jeans,Bottoms,Slim Jeans,Men,Male,Adults,,,/products/extracted/male_dark_blue_jeans_SONY_ILCE-7RM5_9600x6376_000109_2.png,"Find your perfect fit with these dark blue jeans. Crafted from premium denim, these jeans offer the ideal combination of style, comfort, and durability. The classic cut flatters every body type while providing freedom of movement. Versatile enough to dress up or down, these jeans transition seamlessly from casual days to evening outings. A wardrobe essential that pairs perfectly with any top. Shop now to add this jeans to your collection.",,,Dark Blue,,casual,ZC-M0116,false,,,,,,,,,,,/products/extracted/model2_male_dark_brown_long_sleeved_shirt_outer_SONY_ILCE-7RM5_9600x6376_000109_4.png,/products/extracted/model2_male_blue_jeans_SONY_ILCE-7RM5_6304x4180_000037_7.png,/products/extracted/model2_male_blue_jeans__DSC3606_4.png,
95,published,,Men's Dark Blue Slim Jeans,mens-dark-blue-slim-jeans-95,Bottoms,Slim Jeans,Men,Male,Adults,,,/products/extracted/male_beige_backpack_outer__DSC3383_org_4.png,"Find your perfect fit with these dark blue jeans. Crafted from premium denim, these jeans offer the ideal combination of style, comfort, and durability. The classic cut flatters every body type while providing freedom of movement. Versatile enough to dress up or down, these jeans transition seamlessly from casual days to evening outings. A wardrobe essential that pairs perfectly with any top. Shop now to add this jeans to your collection.",,,Dark Blue,,casual,ZC-M0118,false,,,,,,,,,,,"https://res.cloudinary.com/ds8llatku/image/upload/f_auto,q_auto/zecode/products/model-poses/male_casual_front_standing__DSC3383_org","https://res.cloudinary.com/ds8llatku/image/upload/f_auto,q_auto/zecode/products/model-poses/male_casual_three_quarter__DSC3383_org","https://res.cloudinary.com/ds8llatku/image/upload/f_auto,q_auto/zecode/products/model-poses/male_casual_casual_lifestyle__DSC3383_org",
97,published,,Men's Blue Slim Jeans,mens-blue-slim-jeans,Bottoms,Slim Jeans,Men,Male,Adults,,,/products/extracted/male_black_color-block_hoodie_color-block_streetwear__DSC5833.png,"Find your perfect fit with these blue jeans. Crafted from premium denim, these jeans offer the ideal combination of style, comfort, and durability. The classic cut flatters every body type while providing freedom of movement. Versatile enough to dress up or down, these jeans transition seamlessly from casual days to evening outings. A wardrobe essential that pairs perfectly with any top. Shop now to add this jeans to your collection.",,,Blue,,casual,ZC-M0107,false,,,,,,,,,,,"https://res.cloudinary.com/ds8llatku/image/upload/f_auto,q_auto/zecode/products/model-poses/male_casual_front_standing__DSC5833","https://res.cloudinary.com/ds8llatku/image/upload/f_auto,q_auto/zecode/products/model-poses/male_casual_three_quarter__DSC5833","https://res.cloudinary.com/ds8llatku/image/upload/f_auto,q_auto/zecode/products/model-poses/male_casual_casual_lifestyle__DSC5833",
98,published,,Men's Classic Blue T-Shirt,mens-classic-blue-t-shirt,Tops,Classic T-Shirt,Men,Male,Adults,,,/products/extracted/male_blue_t_shirt_under_SONY_ILCE-7RM5_6304x4180_000037_3.png,"Upgrade your casual wardrobe with this stylish blue t-shirt. Crafted from premium quality fabric, this tee offers exceptional comfort and a modern fit. The versatile design makes it perfect for everyday wear, whether you're running errands, meeting friends, or relaxing at home. The durable construction ensures this piece will maintain its shape and color through countless washes. Pair with jeans for a classic look or dress it up with chinos. Shop now to add this t-shirt to your collection.",,,Blue,,casual,ZC-M0108,false,,,,,,,,,,,/products/extracted/model2_male_blue_jeans_SONY_ILCE-7RM5_6304x4180_000037_7.png,/products/extracted/model2_male_white_polo_shirt_striped_SONY_ILCE-7RM5_6304x4180_000037_6.png,/products/extracted/model2_male_orange_t_shirt_under_graphic__DSC3820_Large_7.png,
99,published,,Men's Brown Casual Jacket,mens-brown-casual-jacket,Outerwear,Casual Jacket,Men,Male,Adults,,,/products/extracted/male_black_pants__DSC5909_3.png,"Complete your look with this stylish brown jacket. Designed for both style and functionality, this jacket offers protection from the elements while making a fashion statement. The quality construction ensures durability while the modern cut provides a flattering silhouette. Layer over t-shirts, hoodies, or shirts for versatile styling options throughout the seasons. Shop now to add this jacket to your collection.",,,Brown,,casual,ZC-M0109,false,,,,,,,,,,,"https://res.cloudinary.com/ds8llatku/image/upload/f_auto,q_auto/zecode/products/model-poses/male_casual_front_standing__DSC5909","https://res.cloudinary.com/ds8llatku/image/upload/f_auto,q_auto/zecode/products/model-poses/male_casual_three_quarter__DSC5909","https://res.cloudinary.com/ds8llatku/image/upload/f_auto,q_auto/zecode/products/model-poses/male_casual_casual_lifestyle__DSC5909",
100,published,,Men's Dark Blue Slim Jeans,mens-dark-blue-slim-jeans-100,Bottoms,Slim Jeans,Men,Male,Adults,,,/products/extracted/male_dark_blue_jeans__DSC3339_Large_2.png,"Find your perfect fit with these dark blue jeans. Crafted from premium denim, these jeans offer the ideal combination of style, comfort, and durability. The classic cut flatters every body type while providing freedom of movement. Versatile enough to dress up or down, these jeans transition seamlessly from casual days to evening outings. A wardrobe essential that pairs perfectly with any top. Shop now to add this jeans to your collection.",,,Dark Blue,,casual,ZC-M0117,false,,,,,,,,,,,"https://res.cloudinary.com/ds8llatku/image/upload/f_auto,q_auto/zecode/products/model-poses/male_casual_front_standing__DSC3339_Large","https://res.cloudinary.com/ds8llatku/image/upload/f_auto,q_auto/zecode/products/model-poses/male_casual_three_quarter__DSC3339_Large","https://res.cloudinary.com/ds8llatku/image/upload/f_auto,q_auto/zecode/products/model-poses/male_casual_casual_lifestyle__DSC3339_Large",
101,published,,Men's Dark Blue Slim Jeans,mens-dark-blue-slim-jeans-101,Bottoms,Slim Jeans,Men,Male,Adults,,,/products/extracted/male_dark_blue_jeans__DSC4193_Large_2.png,"Find your perfect fit with these dark blue jeans. Crafted from premium denim, these jeans offer the ideal combination of style, comfort, and durability. The classic cut flatters every body type while providing freedom of movement. Versatile enough to dress up or down, these jeans transition seamlessly from casual days to evening outings. A wardrobe essential that pairs perfectly with any top. Shop now to add this jeans to your collection.",,,Dark Blue,,casual,ZC-M0119,false,,,,,,,,,,,"https://res.cloudinary.com/ds8llatku/image/upload/f_auto,q_auto/zecode/products/model-poses/male_casual_front_standing__DSC4193_Large","https://res.cloudinary.com/ds8llatku/image/upload/f_auto,q_auto/zecode/products/model-poses/male_casual_three_quarter__DSC4193_Large","https://res.cloudinary.com/ds8llatku/image/upload/f_auto,q_auto/zecode/products/model-poses/male_casual_casual_lifestyle__DSC4193_Large",
102,published,,Men's Dark Blue Slim Jeans,mens-dark-blue-slim-jeans-102,Bottoms,Slim Jeans,Men,Male,Adults,,,/products/extracted/male_dark_blue_cargo_jeans_graphic_print_streetwear__DSC7728.png,"Find your perfect fit with these dark blue jeans. Crafted from premium denim, these jeans offer the ideal combination of style, comfort, and durability. The classic cut flatters every body type while providing freedom of movement. Versatile enough to dress up or down, these jeans transition seamlessly from casual days to evening outings. A wardrobe essential that pairs perfectly with any top. Shop now to add this jeans to your collection.",,,Dark Blue,,casual,ZC-M0120,false,,,,,,,,,,,"https://res.cloudinary.com/ds8llatku/image/upload/f_auto,q_auto/zecode/products/model-poses/male_casual_front_standing__DSC7728","https://res.cloudinary.com/ds8llatku/image/upload/f_auto,q_auto/zecode/products/model-poses/male_casual_three_quarter__DSC7728","https://res.cloudinary.com/ds8llatku/image/upload/f_auto,q_auto/zecode/products/model-poses/male_casual_casual_lifestyle__DSC7728",
103,published,,Men's Dark Blue Slim Jeans,mens-dark-blue-slim-jeans-103,Bottoms,Slim Jeans,Men,Male,Adults,,,/products/extracted/male_dark_blue_jeans__DSC7902_3.png,"Find your perfect fit with these dark blue jeans. Crafted from premium denim, these jeans offer the ideal combination of style, comfort, and durability. The classic cut flatters every body type while providing freedom of movement. Versatile enough to dress up or down, these jeans transition seamlessly from casual days to evening outings. A wardrobe essential that pairs perfectly with any top. Shop now to add this jeans to your collection.",,,Dark Blue,,casual,ZC-M0121,false,,,,,,,,,,,"https://res.cloudinary.com/ds8llatku/image/upload/f_auto,q_auto/zecode/products/model-poses/male_casual_front_standing__DSC7902","https://res.cloudinary.com/ds8llatku/image/upload/f_auto,q_auto/zecode/products/model-poses/male_casual_three_quarter__DSC7902","https://res.cloudinary.com/ds8llatku/image/upload/f_auto,q_auto/zecode/products/model-poses/male_casual_casual_lifestyle__DSC7902",
104,published,,Men's Dark Green Graphic Print T-Shirt,mens-dark-green-graphic-print-t-shirt,Tops,T-Shirt,Men,Male,Adults,,,/products/extracted/male_dark_green_t_shirt_graphic_SONY_ILCE-7RM5_6304x4180_000060_1.png,"Upgrade your casual wardrobe with this stylish dark green t-shirt. Crafted from premium quality fabric, this graphic print tee offers exceptional comfort and a modern fit. The versatile design makes it perfect for everyday wear, whether you're running errands, meeting friends, or relaxing at home. The durable construction ensures this piece will maintain its shape and color through countless washes. Pair with jeans for a classic look or dress it up with chinos.",,,Dark Green,graphic,casual,ZC-M0123,false,,,,,,,,,,,/products/extracted/model2_male_black_sweatshirt_graphic_SONY_ILCE-7RM5_6304x4180_000060_4.png,/products/extracted/model2_male_dark_blue_jeans_SONY_ILCE-7RM5_6304x4180_000060_5.png,/products/extracted/model4_male_light_green_t_shirt_under_graphic__DSC4293_Large_10.png,
105,published,,Men's Blue Slim Jeans,mens-blue-slim-jeans-105,Bottoms,Slim Jeans,Men,Male,Adults,,,/products/extracted/male_blue_jeans__DSC5743_2.png,"Find your perfect fit with these blue jeans. Crafted from premium denim, these jeans offer the ideal combination of style, comfort, and durability. The classic cut flatters every body type while providing freedom of movement. Versatile enough to dress up or down, these jeans transition seamlessly from casual days to evening outings. A wardrobe essential that pairs perfectly with any top. Shop now to add this jeans to your collection.",,,Blue,,casual,ZC-M0106,false,,,,,,,,,,,"https://res.cloudinary.com/ds8llatku/image/upload/f_auto,q_auto/zecode/products/model-poses/male_casual_front_standing__DSC5743","https://res.cloudinary.com/ds8llatku/image/upload/f_auto,q_auto/zecode/products/model-poses/male_casual_three_quarter__DSC5743","https://res.cloudinary.com/ds8llatku/image/upload/f_auto,q_auto/zecode/products/model-poses/male_casual_casual_lifestyle__DSC5743",
106,published,,Men's Green Graphic Print T-Shirt,mens-green-graphic-print-t-shirt,Tops,T-Shirt,Men,Male,Adults,,,/products/extracted/male_dusty_green_t-shirt_graphic_print_streetwear_SONY_ILCE_7RM5_9600x.png,"Upgrade your casual wardrobe with this stylish green t-shirt. Crafted from premium quality fabric, this graphic print tee offers exceptional comfort and a modern fit. The versatile design makes it perfect for everyday wear, whether you're running errands, meeting friends, or relaxing at home. The durable construction ensures this piece will maintain its shape and color through countless washes. Pair with jeans for a classic look or dress it up with chinos.",,,Green,graphic,streetwear,ZC-M0130,false,,,,,,,,,,,/products/extracted/model4_male_light_green_t_shirt_under_graphic__DSC4293_Large_10.png,/products/extracted/model2_male_orange_t_shirt_under_graphic__DSC3820_Large_7.png,/products/extracted/model3_male_black_t_shirt__DSC3713_Large_6.png,
107,published,,Men's Gray Casual Jacket,mens-gray-casual-jacket,Outerwear,Casual Jacket,Men,Male,Adults,,,/products/extracted/male_dark_blue_jeans__DSC7902_3.png,"Complete your look with this stylish gray jacket. Designed for both style and functionality, this jacket offers protection from the elements while making a fashion statement. The quality construction ensures durability while the modern cut provides a flattering silhouette. Layer over t-shirts, hoodies, or shirts for versatile styling options throughout the seasons. Shop now to add this jacket to your collection.",,,Gray,,streetwear,ZC-M0133,false,,,,,,,,,,,"https://res.cloudinary.com/ds8llatku/image/upload/f_auto,q_auto/zecode/products/model-poses/male_casual_front_standing__DSC7902","https://res.cloudinary.com/ds8llatku/image/upload/f_auto,q_auto/zecode/products/model-poses/male_casual_three_quarter__DSC7902","https://res.cloudinary.com/ds8llatku/image/upload/f_auto,q_auto/zecode/products/model-poses/male_casual_casual_lifestyle__DSC7902",
108,published,,Men's Khaki Slim Pants,mens-khaki-slim-pants,Bottoms,Slim Pants,Men,Male,Adults,,,/products/extracted/model2_male_light_blue_jeans__DSC3820_Large_8.png,"Elevate your everyday style with these versatile khaki pants. The comfortable fit and quality fabric make these pants perfect for all-day wear. Whether you're at the office, running errands, or enjoying leisure time, these pants deliver both style and functionality. The tailored cut offers a polished look while maintaining comfort. Pair with shirts, t-shirts, or sweaters for endless outfit possibilities. Shop now to add this pants to your collection.",,,Khaki,,casual,ZC-M0134,false,,,,,,,,,,,"https://res.cloudinary.com/ds8llatku/image/upload/f_auto,q_auto/zecode/products/model-poses/model2_male_streetwear_front_standing__DSC3820_Large","https://res.cloudinary.com/ds8llatku/image/upload/f_auto,q_auto/zecode/products/model-poses/model2_male_streetwear_three_quarter__DSC3820_Large","https://res.cloudinary.com/ds8llatku/image/upload/f_auto,q_auto/zecode/products/model-poses/model2_male_streetwear_casual_lifestyle__DSC3820_Large",
109,published,,Men's Khaki Graphic Print Short Sleeve Shirt,mens-khaki-graphic-print-short-sleeve-shirt,Tops,Short Sleeve Shirt,Men,Male,Adults,,,"https://res.cloudinary.com/ds8llatku/image/upload/f_auto,q_auto/zecode/products/extracted/male_khaki_short_sleeved_shirt_graphic_SONY_ILCE-7RM5_6304x4180_000006_1","Stay cool and stylish with this khaki short sleeve shirt showcasing graphic print pattern. Designed for warm weather comfort, this shirt offers a relaxed yet polished look. The breathable fabric keeps you comfortable while the contemporary cut ensures a flattering fit. Ideal for beach days, vacation wear, or casual summer gatherings. Pair with shorts for a laid-back vibe or chinos for elevated casual style. Shop now to add this short sleeve shirt to your collection.",,,Khaki,graphic,casual,ZC-M0135,false,,,,,,,,,,,/products/extracted/model2_male_black_button_up_shirt__DSC4537_Large_2.png,/products/extracted/model2_male_dark_brown_long_sleeved_shirt_outer_SONY_ILCE-7RM5_9600x6376_000109_4.png,/products/extracted/model2_male_light_green_shirt__DSC3952_Large_4.png,
110,published,,Men's Light Blue Slim Jeans,mens-light-blue-slim-jeans,Bottoms,Slim Jeans,Men,Male,Adults,,,/products/extracted/model2_male_light_blue_jeans__DSC3820_Large_8.png,"Find your perfect fit with these light blue jeans. Crafted from premium denim, these jeans offer the ideal combination of style, comfort, and durability. The classic cut flatters every body type while providing freedom of movement. Versatile enough to dress up or down, these jeans transition seamlessly from casual days to evening outings. A wardrobe essential that pairs perfectly with any top. Shop now to add this jeans to your collection.",,,Light Blue,,casual,ZC-M0136,false,,,,,,,,,,,"https://res.cloudinary.com/ds8llatku/image/upload/f_auto,q_auto/zecode/products/model-poses/model2_male_streetwear_front_standing__DSC3820_Large","https://res.cloudinary.com/ds8llatku/image/upload/f_auto,q_auto/zecode/products/model-poses/model2_male_streetwear_three_quarter__DSC3820_Large","https://res.cloudinary.com/ds8llatku/image/upload/f_auto,q_auto/zecode/products/model-poses/model2_male_streetwear_casual_lifestyle__DSC3820_Large",
111,published,,Men's Light Blue Slim Jeans,mens-light-blue-slim-jeans-111,Bottoms,Slim Jeans,Men,Male,Adults,,,,"Find your perfect fit with these light blue jeans. Crafted from premium denim, these jeans offer the ideal combination of style, comfort, and durability. The classic cut flatters every body type while providing freedom of movement. Versatile enough to dress up or down, these jeans transition seamlessly from casual days to evening outings. A wardrobe essential that pairs perfectly with any top. Shop now to add this jeans to your collection.",,,Light Blue,,casual,ZC-M0137,false,,,,,,,f39f5516-5866-4a56-a299-3c10edc9058e,,,,,,,f39f5516-5866-4a56-a299-3c10edc9058e
112,published,,Men's Grey Slim Pants,mens-grey-slim-pants,Bottoms,Slim Pants,Men,Male,Adults,,,/products/extracted/male_black_jacket_outer__DSC4773_1.png,"Elevate your everyday style with these versatile grey pants. The comfortable fit and quality fabric make these pants perfect for all-day wear. Whether you're at the office, running errands, or enjoying leisure time, these pants deliver both style and functionality. The tailored cut offers a polished look while maintaining comfort. Pair with shirts, t-shirts, or sweaters for endless outfit possibilities. Shop now to add this pants to your collection.",,,Grey,,casual,ZC-M0127,false,,,,,,,,,,,"https://res.cloudinary.com/ds8llatku/image/upload/f_auto,q_auto/zecode/products/model-poses/male_streetwear_front_standing__DSC4773","https://res.cloudinary.com/ds8llatku/image/upload/f_auto,q_auto/zecode/products/model-poses/male_streetwear_three_quarter__DSC4773","https://res.cloudinary.com/ds8llatku/image/upload/f_auto,q_auto/zecode/products/model-poses/male_streetwear_casual_lifestyle__DSC4773",
113,published,,Men's Grey Shorts,mens-grey-shorts,Bottoms,Shorts,Men,Male,Adults,,,/products/extracted/model3_male_beige_shorts__DSC4148_1_8.png,"Discover this stylish grey shorts. Crafted with attention to quality and contemporary fashion, this piece offers the perfect blend of style and comfort. The versatile design makes it suitable for various occasions, from casual outings to more polished settings. Quality materials ensure lasting wear while the thoughtful construction provides a comfortable fit. A great addition to any wardrobe. Shop now to add this shorts to your collection.",,,Grey,,casual,ZC-M0128,false,,,,,,,,,,,"https://res.cloudinary.com/ds8llatku/image/upload/f_auto,q_auto/zecode/products/model-poses/model4_female_casual_chic_front_standing__DSC4148_1","https://res.cloudinary.com/ds8llatku/image/upload/f_auto,q_auto/zecode/products/model-poses/model4_female_casual_chic_three_quarter__DSC4148_1","https://res.cloudinary.com/ds8llatku/image/upload/f_auto,q_auto/zecode/products/model-poses/model4_female_casual_chic_casual_lifestyle__DSC4148_1",
114,published,,Men's Light Blue Slim Jeans,mens-light-blue-slim-jeans-114,Bottoms,Slim Jeans,Men,Male,Adults,,,/products/extracted/male_dark_blue_t_shirt_graphic__DSC4360_Large_1.png,"Find your perfect fit with these light blue jeans. Crafted from premium denim, these jeans offer the ideal combination of style, comfort, and durability. The classic cut flatters every body type while providing freedom of movement. Versatile enough to dress up or down, these jeans transition seamlessly from casual days to evening outings. A wardrobe essential that pairs perfectly with any top. Shop now to add this jeans to your collection.",,,Light Blue,,casual,ZC-M0138,false,,,,,,,,,,,"https://res.cloudinary.com/ds8llatku/image/upload/f_auto,q_auto/zecode/products/model-poses/model2_female_streetwear_front_standing__DSC4360_Large","https://res.cloudinary.com/ds8llatku/image/upload/f_auto,q_auto/zecode/products/model-poses/model2_female_streetwear_three_quarter__DSC4360_Large","https://res.cloudinary.com/ds8llatku/image/upload/f_auto,q_auto/zecode/products/model-poses/model2_female_streetwear_casual_lifestyle__DSC4360_Large",
115,published,,Men's Olive Green Cargo Pants,mens-olive-green-cargo-pants,Bottoms,Cargo Pants,Men,Male,Adults,,,/products/extracted/male_black_short_sleeve_button_up_shirt_graphic__DSC3419_Large_1.png,"Discover this stylish olive green cargo pants. Crafted with attention to quality and contemporary fashion, this piece offers the perfect blend of style and comfort. The versatile design makes it suitable for various occasions, from casual outings to more polished settings. Quality materials ensure lasting wear while the thoughtful construction provides a comfortable fit. A great addition to any wardrobe. Shop now to add this cargo pants to your collection.",,,Olive Green,,casual,ZC-M0129,false,,,,,,,,,,,"https://res.cloudinary.com/ds8llatku/image/upload/f_auto,q_auto/zecode/products/model-poses/male_casual_front_standing__DSC3419_Large","https://res.cloudinary.com/ds8llatku/image/upload/f_auto,q_auto/zecode/products/model-poses/male_casual_three_quarter__DSC3419_Large","https://res.cloudinary.com/ds8llatku/image/upload/f_auto,q_auto/zecode/products/model-poses/male_casual_casual_lifestyle__DSC3419_Large",
116,published,,Boy's Blue Denim Jacket,boys-blue-denim-jacket,Kids,Denim Jacket,Kids,Boy,Kids,,,/products/extracted/male_beige_t_shirt_under_graphic__DSC5549_2.png,"Discover this stylish blue denim jacket. Crafted with attention to quality and contemporary fashion, this piece offers the perfect blend of style and comfort. The versatile design makes it suitable for various occasions, from casual outings to more polished settings. Quality materials ensure lasting wear while the thoughtful construction provides a comfortable fit. A great addition to any wardrobe. Shop now to add this denim jacket to your collection.",,,Blue,,casual,ZC-KB0142,false,,,,,,,,,,,/products/extracted/model2_male_orange_t_shirt_under_graphic__DSC3820_Large_7.png,/products/extracted/model3_male_black_t_shirt__DSC3713_Large_6.png,/products/extracted/model3_male_orange_t_shirt_graphic__DSC3868_Large_6.png,
117,published,,Men's Blue Casual Jacket,mens-blue-casual-jacket,Outerwear,Casual Jacket,Men,Male,Adults,,,/products/extracted/model3_female_blue_denim_vest_outer__DSC4293_Large_8.png,"Complete your look with this stylish blue jacket. Designed for both style and functionality, this jacket offers protection from the elements while making a fashion statement. The quality construction ensures durability while the modern cut provides a flattering silhouette. Layer over t-shirts, hoodies, or shirts for versatile styling options throughout the seasons. Shop now to add this jacket to your collection.",,,Blue,,streetwear,ZC-M0143,false,,,,,,,,,,,"https://res.cloudinary.com/ds8llatku/image/upload/f_auto,q_auto/zecode/products/model-poses/model4_male_casual_front_standing__DSC4293_Large","https://res.cloudinary.com/ds8llatku/image/upload/f_auto,q_auto/zecode/products/model-poses/model4_male_casual_three_quarter__DSC4293_Large","https://res.cloudinary.com/ds8llatku/image/upload/f_auto,q_auto/zecode/products/model-poses/model4_male_casual_casual_lifestyle__DSC4293_Large",
118,published,,Men's Classic Green T-Shirt,mens-classic-green-t-shirt,Tops,Classic T-Shirt,Men,Male,Adults,,,/products/extracted/male_dark_blue_jeans__DSC7902_3.png,"Upgrade your casual wardrobe with this stylish green t-shirt. Crafted from premium quality fabric, this tee offers exceptional comfort and a modern fit. The versatile design makes it perfect for everyday wear, whether you're running errands, meeting friends, or relaxing at home. The durable construction ensures this piece will maintain its shape and color through countless washes. Pair with jeans for a classic look or dress it up with chinos. Shop now to add this t-shirt to your collection.",,,Green,,casual,ZC-M0131,false,,,,,,,,,,,"https://res.cloudinary.com/ds8llatku/image/upload/f_auto,q_auto/zecode/products/model-poses/male_casual_front_standing__DSC7902","https://res.cloudinary.com/ds8llatku/image/upload/f_auto,q_auto/zecode/products/model-poses/male_casual_three_quarter__DSC7902","https://res.cloudinary.com/ds8llatku/image/upload/f_auto,q_auto/zecode/products/model-poses/male_casual_casual_lifestyle__DSC7902",
119,published,,Men's Light Blue Slim Jeans,mens-light-blue-slim-jeans-119,Bottoms,Slim Jeans,Men,Male,Adults,,,/products/extracted/male_black_ribbed_t-shirt_graphic_print_streetwear__DSC6708.png,"Find your perfect fit with these light blue jeans. Crafted from premium denim, these jeans offer the ideal combination of style, comfort, and durability. The classic cut flatters every body type while providing freedom of movement. Versatile enough to dress up or down, these jeans transition seamlessly from casual days to evening outings. A wardrobe essential that pairs perfectly with any top. Shop now to add this jeans to your collection.",,,Light Blue,,casual,ZC-M0139,false,,,,,,,,,,,"https://res.cloudinary.com/ds8llatku/image/upload/f_auto,q_auto/zecode/products/model-poses/male_casual_front_standing__DSC6708","https://res.cloudinary.com/ds8llatku/image/upload/f_auto,q_auto/zecode/products/model-poses/male_casual_three_quarter__DSC6708","https://res.cloudinary.com/ds8llatku/image/upload/f_auto,q_auto/zecode/products/model-poses/male_casual_casual_lifestyle__DSC6708",
120,published,,Men’s Light Grey Short-Sleeve Button-Up Shirt with Relaxed Fit,mens-light-grey-short-sleeve-button-up-shirt-with-relaxed-fit,men,shirts,Men,Male,Adults,,,/products/extracted/male_dark_blue_cargo_pants__DSC4827_Large_2.png,"Make a refined statement with this grey button-up shirt. Tailored for a modern fit, this shirt transitions seamlessly from professional settings to casual outings. The premium fabric offers comfort and durability, while thoughtful details add a touch of sophistication. Perfect for layering under blazers or wearing solo with rolled sleeves. A versatile wardrobe essential for the style-conscious individual. Shop now to add this button-up shirt to your collection.",,,Grey,,casual,ZC-M0140,false,,,,,,,,,,,"https://res.cloudinary.com/ds8llatku/image/upload/f_auto,q_auto/zecode/products/model-poses/model2_female_casual_front_standing__DSC4827_Large","https://res.cloudinary.com/ds8llatku/image/upload/f_auto,q_auto/zecode/products/model-poses/model2_female_casual_three_quarter__DSC4827_Large","https://res.cloudinary.com/ds8llatku/image/upload/f_auto,q_auto/zecode/products/model-poses/model2_female_casual_casual_lifestyle__DSC4827_Large",
121,published,,Men's Maroon Casual Shirt,mens-maroon-casual-shirt,Tops,Casual Shirt,Men,Male,Adults,,,/products/extracted/male_beige_backpack_outer__DSC3383_org_4.png,"Elevate your style with this sophisticated maroon shirt featuring a clean, refined design. Perfect for both casual and semi-formal occasions, this versatile piece combines comfort with contemporary fashion. The quality fabric ensures breathability while maintaining a crisp appearance throughout the day. Whether heading to the office or a weekend brunch, this shirt delivers effortless elegance. Complete your look by pairing with trousers or jeans.",,,Maroon,,casual,ZC-M0141,false,,,,,,,,,,,"https://res.cloudinary.com/ds8llatku/image/upload/f_auto,q_auto/zecode/products/model-poses/male_casual_front_standing__DSC3383_org","https://res.cloudinary.com/ds8llatku/image/upload/f_auto,q_auto/zecode/products/model-poses/male_casual_three_quarter__DSC3383_org","https://res.cloudinary.com/ds8llatku/image/upload/f_auto,q_auto/zecode/products/model-poses/male_casual_casual_lifestyle__DSC3383_org",
122,published,,Black Sports Graphic T-Shirt with White “CHAMPIONS 50” Print and Striped Sleeves,black-sports-graphic-t-shirt-with-white-champions-50-print-and-striped-sleeves,women,activewear,Women,Female,Adults,,,/products/extracted/female_black_mules__DSC4039_Large_3.png,"This black sports graphic T-shirt features a bold white “CHAMPIONS 50” print across the front, delivering a classic athletic-inspired aesthetic. The V-neckline adds a modern touch, while the short sleeves with contrasting white double stripes enhance its sporty appeal. Crafted from soft, breathable fabric, it provides all-day comfort and ease of movement. Perfect for casual streetwear, active looks, or game-day styling, this tee combines comfort, confidence, and timeless varsity energy.",,,Black,graphic,casual,ZC-F0027,false,,,,,,,,,,,"https://res.cloudinary.com/ds8llatku/image/upload/f_auto,q_auto/zecode/products/model-poses/female_casual_front_standing__DSC4039_Large","https://res.cloudinary.com/ds8llatku/image/upload/f_auto,q_auto/zecode/products/model-poses/female_casual_three_quarter__DSC4039_Large","https://res.cloudinary.com/ds8llatku/image/upload/f_auto,q_auto/zecode/products/model-poses/female_casual_casual_lifestyle__DSC4039_Large",
123,published,,Men's Orange Graphic Print T-Shirt,mens-orange-graphic-print-t-shirt,Tops,T-Shirt,Men,Male,Adults,,,/products/extracted/model3_male_dark_grey_jeans__DSC3868_Large_7.png,"Upgrade your casual wardrobe with this stylish orange t-shirt. Crafted from premium quality fabric, this graphic print tee offers exceptional comfort and a modern fit. The versatile design makes it perfect for everyday wear, whether you're running errands, meeting friends, or relaxing at home. The durable construction ensures this piece will maintain its shape and color through countless washes. Pair with jeans for a classic look or dress it up with chinos.",,,Orange,graphic,casual,ZC-M0147,false,,,,,,,,,,,"https://res.cloudinary.com/ds8llatku/image/upload/f_auto,q_auto/zecode/products/model-poses/model4_female_casual_front_standing__DSC3868_Large","https://res.cloudinary.com/ds8llatku/image/upload/f_auto,q_auto/zecode/products/model-poses/model4_female_casual_three_quarter__DSC3868_Large","https://res.cloudinary.com/ds8llatku/image/upload/f_auto,q_auto/zecode/products/model-poses/model4_female_casual_casual_lifestyle__DSC3868_Large",
124,published,,Men's Brown Graphic Print T-Shirt,mens-brown-graphic-print-t-shirt,Tops,T-Shirt,Men,Male,Adults,,,/products/extracted/male_black_pants__DSC5909_3.png,"Upgrade your casual wardrobe with this stylish brown t-shirt. Crafted from premium quality fabric, this graphic print tee offers exceptional comfort and a modern fit. The versatile design makes it perfect for everyday wear, whether you're running errands, meeting friends, or relaxing at home. The durable construction ensures this piece will maintain its shape and color through countless washes. Pair with jeans for a classic look or dress it up with chinos.",,,Brown,graphic,casual,ZC-M0110,false,,,,,,,,,,,"https://res.cloudinary.com/ds8llatku/image/upload/f_auto,q_auto/zecode/products/model-poses/male_casual_front_standing__DSC5909","https://res.cloudinary.com/ds8llatku/image/upload/f_auto,q_auto/zecode/products/model-poses/male_casual_three_quarter__DSC5909","https://res.cloudinary.com/ds8llatku/image/upload/f_auto,q_auto/zecode/products/model-poses/male_casual_casual_lifestyle__DSC5909",
125,published,,Boy's Green Graphic Print T-Shirt,boys-green-graphic-print-t-shirt,Kids,T-Shirt,Kids,Boy,Kids,,,,"Upgrade your casual wardrobe with this stylish green t-shirt. Crafted from premium quality fabric, this graphic print tee offers exceptional comfort and a modern fit. The versatile design makes it perfect for everyday wear, whether you're running errands, meeting friends, or relaxing at home. The durable construction ensures this piece will maintain its shape and color through countless washes. Pair with jeans for a classic look or dress it up with chinos.",,,Green,graphic,casual,ZC-KB0149,false,,,,,,,ae668158-bfa6-46ea-94c9-7267cfacd40b,,,,,,,ae668158-bfa6-46ea-94c9-7267cfacd40b
126,published,,Men's Classic Teal T-Shirt,mens-classic-teal-t-shirt,Tops,Classic T-Shirt,Men,Male,Adults,,,/products/extracted/model2_male_light_blue_jeans__DSC3820_Large_8.png,"Upgrade your casual wardrobe with this stylish teal t-shirt. Crafted from premium quality fabric, this tee offers exceptional comfort and a modern fit. The versatile design makes it perfect for everyday wear, whether you're running errands, meeting friends, or relaxing at home. The durable construction ensures this piece will maintain its shape and color through countless washes. Pair with jeans for a classic look or dress it up with chinos. Shop now to add this t-shirt to your collection.",,,Teal,,casual,ZC-M0150,false,,,,,,,,,,,"https://res.cloudinary.com/ds8llatku/image/upload/f_auto,q_auto/zecode/products/model-poses/model2_male_streetwear_front_standing__DSC3820_Large","https://res.cloudinary.com/ds8llatku/image/upload/f_auto,q_auto/zecode/products/model-poses/model2_male_streetwear_three_quarter__DSC3820_Large","https://res.cloudinary.com/ds8llatku/image/upload/f_auto,q_auto/zecode/products/model-poses/model2_male_streetwear_casual_lifestyle__DSC3820_Large",
127,published,,Men's Olive Green Graphic Print T-Shirt,mens-olive-green-graphic-print-t-shirt,Tops,T-Shirt,Men,Male,Adults,,,/products/extracted/male_washed_olive_green_t-shirt_graphic_print_streetwear_SONY_ILCE_7RM5_6304x.png,"Upgrade your casual wardrobe with this stylish olive green t-shirt. Crafted from premium quality fabric, this graphic print tee offers exceptional comfort and a modern fit. The versatile design makes it perfect for everyday wear, whether you're running errands, meeting friends, or relaxing at home. The durable construction ensures this piece will maintain its shape and color through countless washes. Pair with jeans for a classic look or dress it up with chinos.",,,Olive Green,graphic,streetwear,ZC-M0151,false,,,,,,,,,,,/products/extracted/model4_male_light_green_t_shirt_under_graphic__DSC4293_Large_10.png,/products/extracted/model2_male_orange_t_shirt_under_graphic__DSC3820_Large_7.png,/products/extracted/model3_male_black_t_shirt__DSC3713_Large_6.png,
128,published,,Men's White Graphic Print Shirt,mens-white-graphic-print-shirt,Tops,Shirt,Men,Male,Adults,,,/products/extracted/model3_male_dark_green_button_up_shirt_graphic__DSC3800_Large_9.png,"Elevate your style with this sophisticated white shirt featuring graphic print detailing. Perfect for both casual and semi-formal occasions, this versatile piece combines comfort with contemporary fashion. The quality fabric ensures breathability while maintaining a crisp appearance throughout the day. Whether heading to the office or a weekend brunch, this shirt delivers effortless elegance. Complete your look by pairing with trousers or jeans. Shop now to add this shirt to your collection.",,,White,graphic,casual,ZC-M0152,false,,,,,,,,,,,"https://res.cloudinary.com/ds8llatku/image/upload/f_auto,q_auto/zecode/products/model-poses/model3_male_casual_front_standing__DSC3800_Large","https://res.cloudinary.com/ds8llatku/image/upload/f_auto,q_auto/zecode/products/model-poses/model3_male_casual_three_quarter__DSC3800_Large","https://res.cloudinary.com/ds8llatku/image/upload/f_auto,q_auto/zecode/products/model-poses/model3_male_casual_casual_lifestyle__DSC3800_Large",
129,published,,Boy's White Graphic Print Hoodie,boys-white-graphic-print-hoodie,Kids,Hoodie,Kids,Boy,Kids,,,/products/extracted/male_dark_grey_cargo_jeans__DSC5454_2.png,"Embrace comfort and style with this cozy white hoodie featuring graphic print design. Crafted from soft, premium fabric, this hoodie offers the perfect blend of warmth and casual fashion. The relaxed fit makes it ideal for lounging, casual outings, or layering on cooler days. Quality construction ensures lasting comfort through countless wears. A versatile staple that pairs effortlessly with jeans, joggers, or shorts. Shop now to add this hoodie to your collection.",,,White,graphic,casual,ZC-KB0153,false,,,,,,,,,,,/products/extracted/model3_male_dark_grey_jeans__DSC3868_Large_7.png,/products/extracted/model2_male_black_pants__DSC3952_Large_5.png,/products/extracted/model2_male_black_pants__DSC4537_Large_3.png,
130,published,,Boy's White Tie-Dye Hoodie,boys-white-tie-dye-hoodie,Kids,Hoodie,Kids,Boy,Kids,,,/products/extracted/male_blue_jeans__DSC5743_2.png,"Embrace comfort and style with this cozy white hoodie featuring tie-dye design. Crafted from soft, premium fabric, this hoodie offers the perfect blend of warmth and casual fashion. The relaxed fit makes it ideal for lounging, casual outings, or layering on cooler days. Quality construction ensures lasting comfort through countless wears. A versatile staple that pairs effortlessly with jeans, joggers, or shorts. Shop now to add this hoodie to your collection.",,,White,tie-dye,streetwear,ZC-KB0155,false,,,,,,,,,,,"https://res.cloudinary.com/ds8llatku/image/upload/f_auto,q_auto/zecode/products/model-poses/male_casual_front_standing__DSC5743","https://res.cloudinary.com/ds8llatku/image/upload/f_auto,q_auto/zecode/products/model-poses/male_casual_three_quarter__DSC5743","https://res.cloudinary.com/ds8llatku/image/upload/f_auto,q_auto/zecode/products/model-poses/male_casual_casual_lifestyle__DSC5743",
131,published,,Men's White Slim Pants,mens-white-slim-pants,Bottoms,Slim Pants,Men,Male,Adults,,,/products/extracted/model3_male_dark_grey_jeans__DSC3868_Large_7.png,"Elevate your everyday style with these versatile white pants. The comfortable fit and quality fabric make these pants perfect for all-day wear. Whether you're at the office, running errands, or enjoying leisure time, these pants deliver both style and functionality. The tailored cut offers a polished look while maintaining comfort. Pair with shirts, t-shirts, or sweaters for endless outfit possibilities. Shop now to add this pants to your collection.",,,White,,casual,ZC-M0156,false,,,,,,,,,,,"https://res.cloudinary.com/ds8llatku/image/upload/f_auto,q_auto/zecode/products/model-poses/model4_female_casual_front_standing__DSC3868_Large","https://res.cloudinary.com/ds8llatku/image/upload/f_auto,q_auto/zecode/products/model-poses/model4_female_casual_three_quarter__DSC3868_Large","https://res.cloudinary.com/ds8llatku/image/upload/f_auto,q_auto/zecode/products/model-poses/model4_female_casual_casual_lifestyle__DSC3868_Large",
132,published,,Men's White Graphic Print Short Sleeve Shirt,mens-white-graphic-print-short-sleeve-shirt,Tops,Short Sleeve Shirt,Men,Male,Adults,,,/products/extracted/male_white_short_sleeved_shirt_graphic_SONY_ILCE-7RM5_9600x6376_000109_1.png,"Stay cool and stylish with this white short sleeve shirt showcasing graphic print pattern. Designed for warm weather comfort, this shirt offers a relaxed yet polished look. The breathable fabric keeps you comfortable while the contemporary cut ensures a flattering fit. Ideal for beach days, vacation wear, or casual summer gatherings. Pair with shorts for a laid-back vibe or chinos for elevated casual style. Shop now to add this short sleeve shirt to your collection.",,,White,graphic,casual,ZC-M0157,false,,,,,,,,,,,/products/extracted/model2_male_dark_brown_long_sleeved_shirt_outer_SONY_ILCE-7RM5_9600x6376_000109_4.png,/products/extracted/model2_male_white_polo_shirt_striped_SONY_ILCE-7RM5_6304x4180_000037_6.png,/products/extracted/model3_male_white_shirt_graphic__DSC3952_Large_7.png,
133,published,,Men's White Graphic Print Short Sleeve Shirt,mens-white-graphic-print-short-sleeve-shirt-133,Tops,Short Sleeve Shirt,Men,Male,Adults,,,/products/extracted/male_dark_blue_jeans__DSC7902_3.png,"Stay cool and stylish with this white short sleeve shirt showcasing graphic print pattern. Designed for warm weather comfort, this shirt offers a relaxed yet polished look. The breathable fabric keeps you comfortable while the contemporary cut ensures a flattering fit. Ideal for beach days, vacation wear, or casual summer gatherings. Pair with shorts for a laid-back vibe or chinos for elevated casual style. Shop now to add this short sleeve shirt to your collection.",,,White,graphic,casual,ZC-M0158,false,,,,,,,,,,,"https://res.cloudinary.com/ds8llatku/image/upload/f_auto,q_auto/zecode/products/model-poses/male_casual_front_standing__DSC7902","https://res.cloudinary.com/ds8llatku/image/upload/f_auto,q_auto/zecode/products/model-poses/male_casual_three_quarter__DSC7902","https://res.cloudinary.com/ds8llatku/image/upload/f_auto,q_auto/zecode/products/model-poses/male_casual_casual_lifestyle__DSC7902",
134,published,,Men's White Graphic Print T-Shirt,mens-white-graphic-print-t-shirt,Tops,T-Shirt,Men,Male,Adults,,,/products/extracted/male_dark_blue_cargo_jeans_graphic_print_streetwear__DSC7728.png,"Upgrade your casual wardrobe with this stylish white t-shirt. Crafted from premium quality fabric, this graphic print tee offers exceptional comfort and a modern fit. The versatile design makes it perfect for everyday wear, whether you're running errands, meeting friends, or relaxing at home. The durable construction ensures this piece will maintain its shape and color through countless washes. Pair with jeans for a classic look or dress it up with chinos.",,,White,graphic,casual,ZC-M0160,false,,,,,,,,,,,"https://res.cloudinary.com/ds8llatku/image/upload/f_auto,q_auto/zecode/products/model-poses/male_casual_front_standing__DSC7728","https://res.cloudinary.com/ds8llatku/image/upload/f_auto,q_auto/zecode/products/model-poses/male_casual_three_quarter__DSC7728","https://res.cloudinary.com/ds8llatku/image/upload/f_auto,q_auto/zecode/products/model-poses/male_casual_casual_lifestyle__DSC7728",
135,published,,Girl's Beige Striped Hoodie,girls-beige-striped-hoodie,Kids,Hoodie,Kids,Girl,Kids,,,,"Embrace comfort and style with this cozy beige hoodie featuring striped design. Crafted from soft, premium fabric, this hoodie offers the perfect blend of warmth and casual fashion. The relaxed fit makes it ideal for lounging, casual outings, or layering on cooler days. Quality construction ensures lasting comfort through countless wears. A versatile staple that pairs effortlessly with jeans, joggers, or shorts. Shop now to add this hoodie to your collection.",,,Beige,striped,casual,ZC-KG0164,false,,,,,,,6d4ab4cf-326c-457c-ad57-67340aeb99d9,,,,,,,6d4ab4cf-326c-457c-ad57-67340aeb99d9
136,published,,Boy's Red Graphic Print Hoodie,boys-red-graphic-print-hoodie,Kids,Hoodie,Kids,Boy,Kids,,,/products/extracted/male_black_t_shirt_graphic__DSC5170_1.png,"Embrace comfort and style with this cozy red hoodie featuring graphic print design. Crafted from soft, premium fabric, this hoodie offers the perfect blend of warmth and casual fashion. The relaxed fit makes it ideal for lounging, casual outings, or layering on cooler days. Quality construction ensures lasting comfort through countless wears. A versatile staple that pairs effortlessly with jeans, joggers, or shorts. Shop now to add this hoodie to your collection.",,,Red,graphic,casual,ZC-KB0148,false,,,,,,,,,,,/products/extracted/model3_male_black_t_shirt__DSC3713_Large_6.png,/products/extracted/model2_male_orange_t_shirt_under_graphic__DSC3820_Large_7.png,/products/extracted/model3_male_orange_t_shirt_graphic__DSC3868_Large_6.png,
137,published,,Men's White Striped T-Shirt,mens-white-striped-t-shirt,Tops,T-Shirt,Men,Male,Adults,,,/products/extracted/male_white_t_shirt_striped_SONY_ILCE-7RM5_6304x4180_000037_2.png,"Upgrade your casual wardrobe with this stylish white t-shirt. Crafted from premium quality fabric, this striped tee offers exceptional comfort and a modern fit. The versatile design makes it perfect for everyday wear, whether you're running errands, meeting friends, or relaxing at home. The durable construction ensures this piece will maintain its shape and color through countless washes. Pair with jeans for a classic look or dress it up with chinos.",,,White,striped,casual,ZC-M0161,false,,,,,,,,,,,/products/extracted/model2_male_blue_jeans_SONY_ILCE-7RM5_6304x4180_000037_7.png,/products/extracted/model2_male_white_polo_shirt_striped_SONY_ILCE-7RM5_6304x4180_000037_6.png,/products/extracted/model2_male_orange_t_shirt_under_graphic__DSC3820_Large_7.png,
138,published,,Women's Beige Flats,womens-beige-flats,Footwear,Flats,Women,Female,Adults,,,,"Discover this stylish beige flats. Crafted with attention to quality and contemporary fashion, this piece offers the perfect blend of style and comfort. The versatile design makes it suitable for various occasions, from casual outings to more polished settings. Quality materials ensure lasting wear while the thoughtful construction provides a comfortable fit. A great addition to any wardrobe. Shop now to add this flats to your collection.",,,Beige,,casual,ZC-F0163,false,,,,,,,67cd2c88-8724-4cdc-84cb-51f6320f26c3,,,,,,,67cd2c88-8724-4cdc-84cb-51f6320f26c3
139,published,,Men's Grey Slim Pants,mens-grey-slim-pants-139,Bottoms,Slim Pants,Men,Male,Adults,,,/products/extracted/model3_female_blue_sleeveless_top__DSC4597_Large_7.png,"Elevate your everyday style with these versatile grey pants. The comfortable fit and quality fabric make these pants perfect for all-day wear. Whether you're at the office, running errands, or enjoying leisure time, these pants deliver both style and functionality. The tailored cut offers a polished look while maintaining comfort. Pair with shirts, t-shirts, or sweaters for endless outfit possibilities. Shop now to add this pants to your collection.",,,Grey,,casual,ZC-M0126,false,,,,,,,,,,,"https://res.cloudinary.com/ds8llatku/image/upload/f_auto,q_auto/zecode/products/model-poses/model3_female_casual_front_standing__DSC4597_Large","https://res.cloudinary.com/ds8llatku/image/upload/f_auto,q_auto/zecode/products/model-poses/model3_female_casual_three_quarter__DSC4597_Large","https://res.cloudinary.com/ds8llatku/image/upload/f_auto,q_auto/zecode/products/model-poses/model3_female_casual_casual_lifestyle__DSC4597_Large",
140,published,,Black Wide-Leg Pleated Trousers with Minimal Clean Design and No Graphic or Text Details,black-wide-leg-pleated-trousers-minimal-clean-design,women,trousers,Women,Female,Adults,,,/products/extracted/female_off-white_dress__DSC3989_Large_1.png,"These black wide-leg pleated trousers feature a minimal, clean design with no graphics or written details, offering a versatile and refined wardrobe essential. The soft, structured fabric and front pleating add shape and sophistication, while the wide-leg silhouette provides comfort and ease of movement. Ideal for workwear, smart casual outings, or everyday styling, these trousers blend elegance and practicality, making them a reliable staple for effortless dressing.",,,Black,,casual,ZC-F0170,false,,,,,,,,,,,"https://res.cloudinary.com/ds8llatku/image/upload/f_auto,q_auto/zecode/products/model-poses/model2_female_smart_casual_front_standing__DSC3989_Large","https://res.cloudinary.com/ds8llatku/image/upload/f_auto,q_auto/zecode/products/model-poses/model2_female_smart_casual_three_quarter__DSC3989_Large","https://res.cloudinary.com/ds8llatku/image/upload/f_auto,q_auto/zecode/products/model-poses/model2_female_smart_casual_casual_lifestyle__DSC3989_Large",
142,published,,V-Neck Tiger Print Peplum Blouse with Elasticized Cuffs,v-neck-tiger-print-peplum-blouse-with-elasticized-cuffs,women,tops,Women,Female,Adults,,,/products/extracted/male_beige_t_shirt_under_graphic__DSC5549_2.png,"This stunning V-Neck Tiger Print Peplum Blouse is a fierce and fashionable addition to any wardrobe. The top features a bold, realistic tiger stripe print in rich shades of black and deep orange/brown, instantly grabbing attention. It is designed with a flattering V-neckline and a peplum-style hem that creates a subtly gathered, flowing shape around the waist. The sleeves are voluminous, ending in elasticized cuffs just below the elbow, giving them a slight puff or balloon effect. The fabric appears to be light and flowy, suggesting comfort and ease of movement, making it perfect for pairing with high-waisted shorts, skirts, or trousers for a chic, statement-making look.",,,Brown,graphic,casual,ZC-F0181,false,,,,,,,,,,,/products/extracted/model2_male_orange_t_shirt_under_graphic__DSC3820_Large_7.png,/products/extracted/model3_male_black_t_shirt__DSC3713_Large_6.png,/products/extracted/model3_male_orange_t_shirt_graphic__DSC3868_Large_6.png,
143,published,,Women's Cream Graphic Print T-Shirt,womens-cream-graphic-print-t-shirt,Tops,T-Shirt,Women,Female,Adults,,,/products/extracted/male_black_pants__DSC5909_3.png,"Upgrade your casual wardrobe with this stylish cream t-shirt. Crafted from premium quality fabric, this graphic print tee offers exceptional comfort and a modern fit. The versatile design makes it perfect for everyday wear, whether you're running errands, meeting friends, or relaxing at home. The durable construction ensures this piece will maintain its shape and color through countless washes. Pair with jeans for a classic look or dress it up with chinos.",,,Cream,graphic,streetwear,ZC-F0039,false,,,,,,,,,,,"https://res.cloudinary.com/ds8llatku/image/upload/f_auto,q_auto/zecode/products/model-poses/male_casual_front_standing__DSC5909","https://res.cloudinary.com/ds8llatku/image/upload/f_auto,q_auto/zecode/products/model-poses/male_casual_three_quarter__DSC5909","https://res.cloudinary.com/ds8llatku/image/upload/f_auto,q_auto/zecode/products/model-poses/male_casual_casual_lifestyle__DSC5909",
144,published,,Women's Burgundy Casual Top,womens-burgundy-casual-top,Tops,Casual Top,Women,Female,Adults,,,"https://res.cloudinary.com/ds8llatku/image/upload/f_auto,q_auto/zecode/products/extracted/model2_female_burgundy_top_SONY_ILCE-7RM5_9600x6376_000156_3","Discover this stylish burgundy top. Crafted with attention to quality and contemporary fashion, this piece offers the perfect blend of style and comfort. The versatile design makes it suitable for various occasions, from casual outings to more polished settings. Quality materials ensure lasting wear while the thoughtful construction provides a comfortable fit. A great addition to any wardrobe. Shop now to add this top to your collection.",,,Burgundy,,casual,ZC-F0182,false,,,,,,,,,,,/products/extracted/model2_female_blue_tank_top__DSC3868_Large_4.png,/products/extracted/model2_female_brown_cropped_top_graphic_SONY_ILCE-7RM5_6304x4180_000006_3.png,/products/extracted/model2_female_dark_brown_sleeveless_top__DSC4827_Large_3.png,
145,published,,Boy's Grey Slim Jeans,boys-grey-slim-jeans,Kids,Slim Jeans,Kids,Boy,Kids,,,/products/extracted/male_dark_grey_cargo_jeans__DSC5454_2.png,"Find your perfect fit with these grey jeans. Crafted from premium denim, these jeans offer the ideal combination of style, comfort, and durability. The classic cut flatters every body type while providing freedom of movement. Versatile enough to dress up or down, these jeans transition seamlessly from casual days to evening outings. A wardrobe essential that pairs perfectly with any top. Shop now to add this jeans to your collection.",,,Grey,,casual,ZC-KB0125,false,,,,,,,,,,,/products/extracted/model3_male_dark_grey_jeans__DSC3868_Large_7.png,/products/extracted/model2_male_black_pants__DSC3952_Large_5.png,/products/extracted/model2_male_black_pants__DSC4537_Large_3.png,
146,published,,Black Tiered Midi Dress with White Scallop Trim and Spaghetti Straps,black-tiered-midi-dress-with-white-scallop-trim-and-spaghetti-straps,women,dresses,Kids,Girl,Kids,,,/products/extracted/female_dark_blue_cargo_pants__DSC4744_Large_2.png,"This black tiered midi dress features a feminine silhouette enhanced by delicate white scallop trim along the neckline, waist, and hem. Its lightweight fabric and flowy tiered construction offer effortless movement and comfort. Designed with slim spaghetti straps, it delivers a refined yet playful warm-weather look. Perfect for daytime outings, vacations, or casual gatherings, this dress combines simplicity with charm, making it an easy-to-style wardrobe staple for relaxed elegance.",,,Black,,casual,ZC-KG0168,false,,,,,,,,,,,"https://res.cloudinary.com/ds8llatku/image/upload/f_auto,q_auto/zecode/products/model-poses/model2_female_casual_chic_front_standing__DSC4744_Large","https://res.cloudinary.com/ds8llatku/image/upload/f_auto,q_auto/zecode/products/model-poses/model2_female_casual_chic_three_quarter__DSC4744_Large","https://res.cloudinary.com/ds8llatku/image/upload/f_auto,q_auto/zecode/products/model-poses/model2_female_casual_chic_casual_lifestyle__DSC4744_Large",
147,published,,Black Pleated Wide-Leg Trousers with Minimal Clean Design and No Graphic or Text Details,black-pleated-wide-leg-trousers-minimal-clean-design,women,trousers,Women,Female,Adults,,,,"These black pleated wide-leg trousers offer a clean, polished aesthetic with no graphical prints or text elements. The soft, structured fabric and front pleats create a refined silhouette suitable for workwear, casual styling, or elevated day-to-day outfits. Designed with a smooth waistband and relaxed leg shape, the trousers provide comfort and versatility, making them a reliable essential for building effortlessly sophisticated looks.",,,Black,,casual,ZC-F0169,false,,,,,,,29b9d02d-097b-46b3-812e-645346ce8403,,,,,,,29b9d02d-097b-46b3-812e-645346ce8403
148,published,,Women's Dark Blue Graphic Print Pants,womens-dark-blue-graphic-print-pants,Bottoms,Pants,Women,Female,Adults,,,/products/extracted/female_dark_blue_cargo_pants__DSC4744_Large_2.png,"Elevate your everyday style with these versatile dark blue pants featuring graphic print design. The comfortable fit and quality fabric make these pants perfect for all-day wear. Whether you're at the office, running errands, or enjoying leisure time, these pants deliver both style and functionality. The tailored cut offers a polished look while maintaining comfort. Pair with shirts, t-shirts, or sweaters for endless outfit possibilities. Shop now to add this pants to your collection.",,,Dark Blue,graphic,casual,ZC-F0183,false,,,,,,,,,,,"https://res.cloudinary.com/ds8llatku/image/upload/f_auto,q_auto/zecode/products/model-poses/model2_female_casual_chic_front_standing__DSC4744_Large","https://res.cloudinary.com/ds8llatku/image/upload/f_auto,q_auto/zecode/products/model-poses/model2_female_casual_chic_three_quarter__DSC4744_Large","https://res.cloudinary.com/ds8llatku/image/upload/f_auto,q_auto/zecode/products/model-poses/model2_female_casual_chic_casual_lifestyle__DSC4744_Large",
149,published,,Women's Dark Blue Graphic Print Kurta,womens-dark-blue-graphic-print-kurta,women,ethnic-fusion,Women,Female,Adults,,,"https://res.cloudinary.com/ds8llatku/image/upload/f_auto,q_auto/zecode/products/extracted/male_sage_green_t_shirt_graphic_SONY_ILCE-7RM5_9600x6376_000267_2","Elegant dark blue graphic print kurta, perfect for casual ethnic wear. Features a comfortable fit and stylish design.",,,Dark Blue,graphic,casual,ZC-F0184,false,,,,,,,,,,,/products/extracted/model4_male_light_green_t_shirt_under_graphic__DSC4293_Large_10.png,/products/extracted/model2_male_orange_t_shirt_under_graphic__DSC3820_Large_7.png,/products/extracted/model3_male_black_t_shirt__DSC3713_Large_6.png,
150,published,,Black Joggers with White Side Piping Detail and Minimal Clean No-Text Design,black-joggers-white-side-piping-minimal-design,women,activewear,Women,Female,Adults,,,/products/extracted/male_dark_blue_cargo_pants__DSC4827_Large_2.png,"These black joggers feature a sleek wide-leg silhouette enhanced with white side piping for a clean, sporty aesthetic. Designed without any text or graphical prints, they deliver a minimal and versatile look suitable for daily wear. The structured waistband with belt loops provides a secure fit, while the soft fabric ensures comfort through long hours. The contrast piping adds definition, making these joggers easy to pair with hoodies, tees, or crop tops for effortless athleisure styling.",,,Black,,casual,ZC-F0172,false,,,,,,,,,,,"https://res.cloudinary.com/ds8llatku/image/upload/f_auto,q_auto/zecode/products/model-poses/model2_female_casual_front_standing__DSC4827_Large","https://res.cloudinary.com/ds8llatku/image/upload/f_auto,q_auto/zecode/products/model-poses/model2_female_casual_three_quarter__DSC4827_Large","https://res.cloudinary.com/ds8llatku/image/upload/f_auto,q_auto/zecode/products/model-poses/model2_female_casual_casual_lifestyle__DSC4827_Large",
151,published,,Women's Black Shorts,womens-black-shorts,Bottoms,Shorts,Women,Female,Adults,,,/products/extracted/model2_female_black_shorts_SONY_ILCE-7RM5_6304x4180_000006_4.png,"Discover this stylish black shorts. Crafted with attention to quality and contemporary fashion, this piece offers the perfect blend of style and comfort. The versatile design makes it suitable for various occasions, from casual outings to more polished settings. Quality materials ensure lasting wear while the thoughtful construction provides a comfortable fit. A great addition to any wardrobe. Shop now to add this shorts to your collection.",,,Black,,casual,ZC-F0173,false,,,,,,,,,,,/products/extracted/model2_female_brown_cropped_top_graphic_SONY_ILCE-7RM5_6304x4180_000006_3.png,,,
152,published,,Women's High-Waist Wide-Leg Blue Denim Cargo Jeans with Vertical Seam Detail,womens-high-waist-wide-leg-blue-denim-cargo-jeans-seam-detail,Bottoms,Slim Jeans,Women,Female,Adults,,,,"Embrace the utility trend with these fashionable women's high-waisted, wide-leg blue denim cargo jeans. This style stands out with distinct vertical seams running down the front of the legs, creating an elongating and structured look. Functionality is key with large, box-pleated cargo pockets situated on the sides of each thigh. The durable denim has a medium-blue wash with subtle fading and whiskering for a worn-in vintage feel. Pair these versatile jeans with fitted tops or graphic tees for a contemporary streetwear aesthetic.",,,Blue,,casual,ZC-F0175,false,,,,,,,8af474c8-66e1-404f-a97a-18975ab600f0,,,,,,,8af474c8-66e1-404f-a97a-18975ab600f0
153,published,,Classic Blue Denim High-Waist Wide-Leg Women's Jeans,classic-blue-denim-high-waist-wide-leg-womens-jeans-medium-wash,women,jeans,Women,Female,Adults,,,/products/extracted/male_black_pants__DSC5909_3.png,"Introduce a versatile staple to your wardrobe with these classic high-waisted women's wide-leg jeans. Featuring a timeless medium blue wash, these jeans offer a relaxed and comfortable fit through the hip and leg. The high-rise waist provides a flattering silhouette, while the wide-leg cut adds a modern, on-trend touch. Made from durable, quality denim, they are perfect for achieving a casual yet chic look. Details include a zip fly with button closure, and a traditional five-pocket design. Ideal for pairing with cropped tops, blouses, or fitted knits for effortless style.",,,Blue,,casual,ZC-F0178,false,,,,,,,,,,,"https://res.cloudinary.com/ds8llatku/image/upload/f_auto,q_auto/zecode/products/model-poses/male_casual_front_standing__DSC5909","https://res.cloudinary.com/ds8llatku/image/upload/f_auto,q_auto/zecode/products/model-poses/male_casual_three_quarter__DSC5909","https://res.cloudinary.com/ds8llatku/image/upload/f_auto,q_auto/zecode/products/model-poses/male_casual_casual_lifestyle__DSC5909",
154,published,,Women's Brown Casual Top,womens-brown-casual-top,Tops,Casual Top,Women,Female,Adults,,,/products/extracted/male_dark_blue_cargo_pants__DSC4827_Large_2.png,"Discover this stylish brown top. Crafted with attention to quality and contemporary fashion, this piece offers the perfect blend of style and comfort. The versatile design makes it suitable for various occasions, from casual outings to more polished settings. Quality materials ensure lasting wear while the thoughtful construction provides a comfortable fit. A great addition to any wardrobe. Shop now to add this top to your collection.",,,Brown,,casual,ZC-F0185,false,,,,,,,,,,,"https://res.cloudinary.com/ds8llatku/image/upload/f_auto,q_auto/zecode/products/model-poses/model2_female_casual_front_standing__DSC4827_Large","https://res.cloudinary.com/ds8llatku/image/upload/f_auto,q_auto/zecode/products/model-poses/model2_female_casual_three_quarter__DSC4827_Large","https://res.cloudinary.com/ds8llatku/image/upload/f_auto,q_auto/zecode/products/model-poses/model2_female_casual_casual_lifestyle__DSC4827_Large",
158,published,,Peach Long-Sleeve Swiss Dot Tiered Mini Dress,peach-long-sleeve-swiss-dot-tiered-mini-dress,women,dresses,Women,Female,Adults,,,/products/extracted/model3_male_beige_shorts__DSC4148_1_8.png,"This charming mini dress is a delicate peach color, a soft blend of pink and orange hues. It is characterized by its sheer or semi-sheer fabric featuring a Swiss dot or textured dobby pattern throughout. The dress is designed with a classic collared neckline and a full button-front closure on the bodice. It has long, voluminous sleeves gathered at the cuff and a skirt composed of multiple ruffled tiers for a flouncy, feminine silhouette. The soft peach hue makes this dress perfect for spring, romantic outings, or daytime events.",,,Pink,graphic,casual,ZC-F0196,false,,,,,,,,,,,"https://res.cloudinary.com/ds8llatku/image/upload/f_auto,q_auto/zecode/products/model-poses/model4_female_casual_chic_front_standing__DSC4148_1","https://res.cloudinary.com/ds8llatku/image/upload/f_auto,q_auto/zecode/products/model-poses/model4_female_casual_chic_three_quarter__DSC4148_1","https://res.cloudinary.com/ds8llatku/image/upload/f_auto,q_auto/zecode/products/model-poses/model4_female_casual_chic_casual_lifestyle__DSC4148_1",
159,published,,Maroon ruffle-sleeve chiffon blouse with layered frill detailing and front button-down design,maroon-ruffle-sleeve-chiffon-blouse-layered-frill-button-down,women,tops,Women,Female,Adults,,,https://res.cloudinary.com/ds8llatku/image/upload/v1764655656/zecode/products/extracted/model2_female_maroon_blouse__DSC3989_Large_2.jpg,"This maroon chiffon blouse features a sophisticated layered ruffle design along the sleeves and sides, adding volume and statement elegance. The lightweight fabric drapes gracefully, complemented by a flattering V-neckline and front button-down closure. Its flowy silhouette offers both comfort and style, making it perfect for pairing with trousers, skirts, or denim for chic casual or semi-formal looks.",,,Maroon,,casual,ZC-F0197,false,,,,,,,,,,,"https://res.cloudinary.com/ds8llatku/image/upload/f_auto,q_auto/zecode/products/model-poses/model2_female_smart_casual_front_standing__DSC3989_Large","https://res.cloudinary.com/ds8llatku/image/upload/f_auto,q_auto/zecode/products/model-poses/model2_female_smart_casual_three_quarter__DSC3989_Large","https://res.cloudinary.com/ds8llatku/image/upload/f_auto,q_auto/zecode/products/model-poses/model2_female_smart_casual_casual_lifestyle__DSC3989_Large",
160,published,,Women's Pink Backpack,womens-pink-backpack,Accessories,Backpack,Women,Female,Adults,,,/products/extracted/model3_male_dark_green_button_up_shirt_graphic__DSC3800_Large_9.png,"Discover this stylish pink backpack. Crafted with attention to quality and contemporary fashion, this piece offers the perfect blend of style and comfort. The versatile design makes it suitable for various occasions, from casual outings to more polished settings. Quality materials ensure lasting wear while the thoughtful construction provides a comfortable fit. A great addition to any wardrobe. Shop now to add this backpack to your collection.",,,Pink,,casual,ZC-F0199,false,,,,,,,,,,,"https://res.cloudinary.com/ds8llatku/image/upload/f_auto,q_auto/zecode/products/model-poses/model3_male_casual_front_standing__DSC3800_Large","https://res.cloudinary.com/ds8llatku/image/upload/f_auto,q_auto/zecode/products/model-poses/model3_male_casual_three_quarter__DSC3800_Large","https://res.cloudinary.com/ds8llatku/image/upload/f_auto,q_auto/zecode/products/model-poses/model3_male_casual_casual_lifestyle__DSC3800_Large",
161,published,,Girl's Pink Casual Top,girls-pink-casual-top,Kids,Casual Top,Kids,Girl,Kids,,,/products/extracted/model3_female_blue_denim_vest_outer__DSC4293_Large_8.png,"Discover this stylish pink top. Crafted with attention to quality and contemporary fashion, this piece offers the perfect blend of style and comfort. The versatile design makes it suitable for various occasions, from casual outings to more polished settings. Quality materials ensure lasting wear while the thoughtful construction provides a comfortable fit. A great addition to any wardrobe. Shop now to add this top to your collection.",,,Pink,,casual,ZC-KG0200,false,,,,,,,,,,,"https://res.cloudinary.com/ds8llatku/image/upload/f_auto,q_auto/zecode/products/model-poses/model4_male_casual_front_standing__DSC4293_Large","https://res.cloudinary.com/ds8llatku/image/upload/f_auto,q_auto/zecode/products/model-poses/model4_male_casual_three_quarter__DSC4293_Large","https://res.cloudinary.com/ds8llatku/image/upload/f_auto,q_auto/zecode/products/model-poses/model4_male_casual_casual_lifestyle__DSC4293_Large",
162,published,,Light Blue Straight-Leg High-Rise Denim Jeans with Classic Five-Pocket Styling,light-blue-straight-leg-high-rise-denim-jeans-with-classic-five-pocket-styling,Bottoms,Slim Jeans,Women,Female,Adults,,,,"Find your perfect fit with these light blue jeans. Crafted from premium denim, these jeans offer the ideal combination of style, comfort, and durability. The classic cut flatters every body type while providing freedom of movement. Versatile enough to dress up or down, these jeans transition seamlessly from casual days to evening outings. A wardrobe essential that pairs perfectly with any top. Shop now to add this jeans to your collection.",,,Light Blue,,casual,ZC-F0189,false,,,,,,,7ae3c3e2-316f-4d72-9430-ab2b0428d2dc,,,,,,,7ae3c3e2-316f-4d72-9430-ab2b0428d2dc
163,published,,Women's High-Waist Wide-Leg Relaxed Fit Light Blue Denim Jeans 100% Cotton,womens-high-waist-wide-leg-relaxed-fit-light-blue-denim-jeans,women,jeans,Women,Female,Adults,,,/products/extracted/female_light_blue_jacket_outer__DSC4404_Large_1.png,"Perfect for achieving a contemporary, laid-back aesthetic, these women's wide-leg jeans feature a universally flattering high-waisted silhouette. Crafted from light blue denim with a subtly faded wash, these jeans are designed for a relaxed, comfortable fit throughout the leg. They feature classic five-pocket styling and a secure button-fly closure. The clean, unembellished design makes them highly versatile for dressing up or down. Made from durable 100% cotton, these jeans offer breathable comfort and a structure that holds its shape.",,,Light Blue,,casual,ZC-F0190,false,,,,,,,,,,,"https://res.cloudinary.com/ds8llatku/image/upload/f_auto,q_auto/zecode/products/model-poses/model2_female_casual_front_standing__DSC4404_Large","https://res.cloudinary.com/ds8llatku/image/upload/f_auto,q_auto/zecode/products/model-poses/model2_female_casual_three_quarter__DSC4404_Large","https://res.cloudinary.com/ds8llatku/image/upload/f_auto,q_auto/zecode/products/model-poses/model2_female_casual_casual_lifestyle__DSC4404_Large",
164,published,,Light Blue Straight-Fit Mid-Rise Denim Jeans with Classic Five-Pocket Detailing,light-blue-straight-fit-mid-rise-denim-jeans-with-classic-five-pocket-detailing,Bottoms,Slim Jeans,Women,Female,Adults,,,/products/extracted/model3_female_blue_denim_vest_outer__DSC4293_Large_8.png,"These light blue straight-fit mid-rise denim jeans offer a clean, versatile silhouette ideal for everyday styling. Crafted from soft, washed denim, they provide a comfortable feel with a subtly faded effect that enhances their casual appeal. The classic five-pocket detailing ensures practicality while maintaining a timeless look. The structured waistband and straight leg design deliver a balanced fit, making these jeans suitable for pairing with tees, shirts, or elevated casual layers for year-round wear.",,,Light Blue,,casual,ZC-F0191,false,,,,,,,,,,,"https://res.cloudinary.com/ds8llatku/image/upload/f_auto,q_auto/zecode/products/model-poses/model4_male_casual_front_standing__DSC4293_Large","https://res.cloudinary.com/ds8llatku/image/upload/f_auto,q_auto/zecode/products/model-poses/model4_male_casual_three_quarter__DSC4293_Large","https://res.cloudinary.com/ds8llatku/image/upload/f_auto,q_auto/zecode/products/model-poses/model4_male_casual_casual_lifestyle__DSC4293_Large",
165,published,,Women's High-Waist Wide-Leg Light Blue Denim Cargo Jeans with Patch Pockets,womens-high-waist-wide-leg-light-blue-denim-cargo-jeans-patch-pockets,Bottoms,Slim Jeans,Women,Female,Adults,,,/products/extracted/female_light_blue_jacket_outer__DSC4404_Large_1.png,"Capture the streetwear aesthetic with these women's high-waist, wide-leg cargo jeans in a fresh light blue denim wash. These contemporary jeans offer a comfortable, relaxed fit from hip to hem. They feature classic five-pocket styling at the waist, enhanced by large, functional patch cargo pockets centered on the sides of the thighs, adding utility and style. The light wash has a subtle fade for a modern, casual look. Pair these versatile jeans with fitted tops and chunky sneakers for an on-trend outfit.",,,Light Blue,,casual,ZC-F0192,false,,,,,,,,,,,"https://res.cloudinary.com/ds8llatku/image/upload/f_auto,q_auto/zecode/products/model-poses/model2_female_casual_front_standing__DSC4404_Large","https://res.cloudinary.com/ds8llatku/image/upload/f_auto,q_auto/zecode/products/model-poses/model2_female_casual_three_quarter__DSC4404_Large","https://res.cloudinary.com/ds8llatku/image/upload/f_auto,q_auto/zecode/products/model-poses/model2_female_casual_casual_lifestyle__DSC4404_Large",
166,published,,Light Blue A-Line Denim Skirt with Front Slit Detail and Washed Vintage Finish,light-blue-a-line-denim-skirt-with-front-slit-detail-and-washed-vintage-finish,Bottoms,Skirt,Women,Female,Adults,,,/products/extracted/female_black_pants__DSC4447_Large_2.png,"This light blue A-line denim skirt features a soft washed finish that gives it a relaxed, vintage-inspired look. The front slit detail adds modern movement and enhances comfort while maintaining a flattering silhouette. Crafted from durable mid-weight denim, the skirt offers structure without compromising ease of wear. Its clean design and subtle fading make it versatile for casual styling with tops, shirts, or layered outfits, ensuring an effortless blend of comfort, utility, and everyday appeal.",,,Light Blue,,casual,ZC-F0193,false,,,,,,,,,,,"https://res.cloudinary.com/ds8llatku/image/upload/f_auto,q_auto/zecode/products/model-poses/model2_female_streetwear_front_standing__DSC4447_Large","https://res.cloudinary.com/ds8llatku/image/upload/f_auto,q_auto/zecode/products/model-poses/model2_female_streetwear_three_quarter__DSC4447_Large","https://res.cloudinary.com/ds8llatku/image/upload/f_auto,q_auto/zecode/products/model-poses/model2_female_streetwear_casual_lifestyle__DSC4447_Large",
167,published,,Women's Brown Flats,womens-brown-flats,Footwear,Flats,Women,Female,Adults,,,/products/extracted/model3_male_beige_shorts__DSC4148_1_8.png,"Discover this stylish brown flats. Crafted with attention to quality and contemporary fashion, this piece offers the perfect blend of style and comfort. The versatile design makes it suitable for various occasions, from casual outings to more polished settings. Quality materials ensure lasting wear while the thoughtful construction provides a comfortable fit. A great addition to any wardrobe. Shop now to add this flats to your collection.",,,Brown,,casual,ZC-F0195,false,,,,,,,,,,,"https://res.cloudinary.com/ds8llatku/image/upload/f_auto,q_auto/zecode/products/model-poses/model4_female_casual_chic_front_standing__DSC4148_1","https://res.cloudinary.com/ds8llatku/image/upload/f_auto,q_auto/zecode/products/model-poses/model4_female_casual_chic_three_quarter__DSC4148_1","https://res.cloudinary.com/ds8llatku/image/upload/f_auto,q_auto/zecode/products/model-poses/model4_female_casual_chic_casual_lifestyle__DSC4148_1",
168,published,,Pink Cropped T-Shirt with Front Ring Detail and Gathered Twist Design,pink-cropped-t-shirt-with-front-ring-detail-and-gathered-twist-design,Tops,Classic T-Shirt,Women,Female,Adults,,,/products/extracted/model3_male_dark_green_button_up_shirt_graphic__DSC3800_Large_9.png,"This pink cropped T-shirt features a standout front ring detail that gathers the fabric into a stylish twist, creating a flattering and modern silhouette. Crafted from soft, breathable cotton, it offers comfortable wear with a smooth stretch and a clean crew neckline. The short sleeves and cropped length make it perfect for pairing with high-waisted jeans, skirts, or shorts. Minimalist yet fashion-forward, this T-shirt blends everyday comfort with a chic, eye-catching design.",,,Pink,,casual,ZC-F0202,false,,,,,,,,,,,"https://res.cloudinary.com/ds8llatku/image/upload/f_auto,q_auto/zecode/products/model-poses/model3_male_casual_front_standing__DSC3800_Large","https://res.cloudinary.com/ds8llatku/image/upload/f_auto,q_auto/zecode/products/model-poses/model3_male_casual_three_quarter__DSC3800_Large","https://res.cloudinary.com/ds8llatku/image/upload/f_auto,q_auto/zecode/products/model-poses/model3_male_casual_casual_lifestyle__DSC3800_Large",
169,published,,Men's Off-white Graphic Print T-Shirt,mens-off-white-graphic-print-t-shirt,Tops,T-Shirt,Men,Male,Adults,,,,"Upgrade your casual wardrobe with this stylish off-white t-shirt. Crafted from premium quality fabric, this graphic print tee offers exceptional comfort and a modern fit. The versatile design makes it perfect for everyday wear, whether you're running errands, meeting friends, or relaxing at home. The durable construction ensures this piece will maintain its shape and color through countless washes. Pair with jeans for a classic look or dress it up with chinos.",,,Off-white,graphic,casual,ZC-M0223,false,,,,,,,15de35c8-06df-4445-8c8d-62cae6f46738,,,,,,,15de35c8-06df-4445-8c8d-62cae6f46738
170,published,,Women's Classic Pink T-Shirt,pink-basic-crew-neck-t-shirt-in-solid-color-with-minimalist-no-print-design,women,t-shirts,Women,Female,Adults,,,/products/extracted/model3_male_black_pants__DSC3713_Large_7.png,"This pink basic crew-neck T-shirt features a clean, minimalist solid-color design with no graphical prints or text, offering a versatile wardrobe essential. Crafted from soft, breathable fabric, it ensures all-day comfort and a smooth fit. The classic neckline and short sleeves make it ideal for layering or wearing on its own. Perfect for casual styling, everyday wear, or pairing with denim and skirts, this T-shirt delivers effortless simplicity and timeless ease in a fresh pastel shade.",,,Pink,,casual,ZC-F0201,false,,,,,,,,,,,"https://res.cloudinary.com/ds8llatku/image/upload/f_auto,q_auto/zecode/products/model-poses/model3_male_casual_front_standing__DSC3713_Large","https://res.cloudinary.com/ds8llatku/image/upload/f_auto,q_auto/zecode/products/model-poses/model3_male_casual_three_quarter__DSC3713_Large","https://res.cloudinary.com/ds8llatku/image/upload/f_auto,q_auto/zecode/products/model-poses/model3_male_casual_casual_lifestyle__DSC3713_Large",
172,published,,Women's Classic White T-Shirt,womens-classic-white-t-shirt,Tops,Classic T-Shirt,Women,Female,Adults,,,/products/extracted/female_light_blue_jacket_outer__DSC4404_Large_1.png,"Upgrade your casual wardrobe with this stylish white t-shirt. Crafted from premium quality fabric, this tee offers exceptional comfort and a modern fit. The versatile design makes it perfect for everyday wear, whether you're running errands, meeting friends, or relaxing at home. The durable construction ensures this piece will maintain its shape and color through countless washes. Pair with jeans for a classic look or dress it up with chinos. Shop now to add this t-shirt to your collection.",,,White,,casual,ZC-F0206,false,,,,,,,,,,,"https://res.cloudinary.com/ds8llatku/image/upload/f_auto,q_auto/zecode/products/model-poses/model2_female_casual_front_standing__DSC4404_Large","https://res.cloudinary.com/ds8llatku/image/upload/f_auto,q_auto/zecode/products/model-poses/model2_female_casual_three_quarter__DSC4404_Large","https://res.cloudinary.com/ds8llatku/image/upload/f_auto,q_auto/zecode/products/model-poses/model2_female_casual_casual_lifestyle__DSC4404_Large",
173,published,,Men's Beige Hoodie,mens-beige-hoodie,Tops,Hoodie,Men,Male,Adults,,,/products/extracted/model3_female_beige_hoodie_graphic__DSC3606_6.png,"Embrace comfort and style with this cozy beige hoodie. Crafted from soft, premium fabric, this hoodie offers the perfect blend of warmth and casual fashion. The relaxed fit makes it ideal for lounging, casual outings, or layering on cooler days. Quality construction ensures lasting comfort through countless wears. A versatile staple that pairs effortlessly with jeans, joggers, or shorts. Shop now to add this hoodie to your collection.",,,Beige,,casual,ZC-M0208,false,,,,,,,,,,,"https://res.cloudinary.com/ds8llatku/image/upload/f_auto,q_auto/zecode/products/model-poses/female_casual_front_standing__DSC3606","https://res.cloudinary.com/ds8llatku/image/upload/f_auto,q_auto/zecode/products/model-poses/female_casual_three_quarter__DSC3606","https://res.cloudinary.com/ds8llatku/image/upload/f_auto,q_auto/zecode/products/model-poses/female_casual_casual_lifestyle__DSC3606",
174,published,,Men’s Black Classic Button-Up Shirt with Full Sleeves,mens-black-classic-button-up-shirt-with-full-sleeves,men,shirts,Men,Male,Adults,,,/products/extracted/female_black_dress__DSC4537_Large_1.png,"This men’s black classic button-up shirt is a timeless wardrobe essential designed for versatile styling. Crafted from smooth, breathable fabric, it offers a clean, structured look suitable for both formal and smart-casual occasions. The sharp collar and full sleeves enhance its refined appeal, while the tailored silhouette ensures a comfortable yet polished fit. Finished in a deep black shade, this shirt pairs effortlessly with trousers, chinos, or denim, making it ideal for office wear, evening events, or elevated everyday outfits.",,,Black,,casual,ZC-M0209,false,,,,,,,,,,,"https://res.cloudinary.com/ds8llatku/image/upload/f_auto,q_auto/zecode/products/model-poses/female_cocktail_front_standing__DSC4537_Large","https://res.cloudinary.com/ds8llatku/image/upload/f_auto,q_auto/zecode/products/model-poses/female_cocktail_three_quarter__DSC4537_Large","https://res.cloudinary.com/ds8llatku/image/upload/f_auto,q_auto/zecode/products/model-poses/female_cocktail_casual_lifestyle__DSC4537_Large",
175,published,,Men's Black Slim Pants,mens-black-slim-pants-175,Bottoms,Slim Pants,Men,Male,Adults,,,,"Elevate your everyday style with these versatile black pants. The comfortable fit and quality fabric make these pants perfect for all-day wear. Whether you're at the office, running errands, or enjoying leisure time, these pants deliver both style and functionality. The tailored cut offers a polished look while maintaining comfort. Pair with shirts, t-shirts, or sweaters for endless outfit possibilities. Shop now to add this pants to your collection.",,,Black,,casual,ZC-M0210,false,,,,,,,f6009fdd-3752-49ee-af59-55b8316074c5,,,,,,,f6009fdd-3752-49ee-af59-55b8316074c5
176,published,,Men's Black Slim Pants,mens-black-slim-pants-176,Bottoms,Slim Pants,Men,Male,Adults,,,/products/extracted/model2_male_light_green_shirt__DSC3952_Large_4.png,"Elevate your everyday style with these versatile black pants. The comfortable fit and quality fabric make these pants perfect for all-day wear. Whether you're at the office, running errands, or enjoying leisure time, these pants deliver both style and functionality. The tailored cut offers a polished look while maintaining comfort. Pair with shirts, t-shirts, or sweaters for endless outfit possibilities. Shop now to add this pants to your collection.",,,Black,,casual,ZC-M0211,false,,,,,,,,,,,"https://res.cloudinary.com/ds8llatku/image/upload/f_auto,q_auto/zecode/products/model-poses/female_smart_casual_front_standing__DSC3952_Large","https://res.cloudinary.com/ds8llatku/image/upload/f_auto,q_auto/zecode/products/model-poses/female_smart_casual_three_quarter__DSC3952_Large","https://res.cloudinary.com/ds8llatku/image/upload/f_auto,q_auto/zecode/products/model-poses/female_smart_casual_casual_lifestyle__DSC3952_Large",
177,published,,Men's Blue Slim Jeans,mens-blue-slim-jeans-177,Bottoms,Slim Jeans,Men,Male,Adults,,,/products/extracted/model3_female_beige_hoodie_graphic__DSC3606_6.png,"Find your perfect fit with these blue jeans. Crafted from premium denim, these jeans offer the ideal combination of style, comfort, and durability. The classic cut flatters every body type while providing freedom of movement. Versatile enough to dress up or down, these jeans transition seamlessly from casual days to evening outings. A wardrobe essential that pairs perfectly with any top. Shop now to add this jeans to your collection.",,,Blue,,casual,ZC-M0215,false,,,,,,,,,,,"https://res.cloudinary.com/ds8llatku/image/upload/f_auto,q_auto/zecode/products/model-poses/female_casual_front_standing__DSC3606","https://res.cloudinary.com/ds8llatku/image/upload/f_auto,q_auto/zecode/products/model-poses/female_casual_three_quarter__DSC3606","https://res.cloudinary.com/ds8llatku/image/upload/f_auto,q_auto/zecode/products/model-poses/female_casual_casual_lifestyle__DSC3606",
178,published,,Women's Dark Blue Cargo Pants,womens-dark-blue-cargo-pants,Bottoms,Cargo Pants,Women,Female,Adults,,,/products/extracted/female_dark_blue_cargo_pants__DSC4744_Large_2.png,"Discover this stylish dark blue cargo pants. Crafted with attention to quality and contemporary fashion, this piece offers the perfect blend of style and comfort. The versatile design makes it suitable for various occasions, from casual outings to more polished settings. Quality materials ensure lasting wear while the thoughtful construction provides a comfortable fit. A great addition to any wardrobe. Shop now to add this cargo pants to your collection.",,,Dark Blue,,casual,ZC-F0040,false,,,,,,,,,,,"https://res.cloudinary.com/ds8llatku/image/upload/f_auto,q_auto/zecode/products/model-poses/model2_female_casual_chic_front_standing__DSC4744_Large","https://res.cloudinary.com/ds8llatku/image/upload/f_auto,q_auto/zecode/products/model-poses/model2_female_casual_chic_three_quarter__DSC4744_Large","https://res.cloudinary.com/ds8llatku/image/upload/f_auto,q_auto/zecode/products/model-poses/model2_female_casual_chic_casual_lifestyle__DSC4744_Large",
179,published,,Men's Light Blue Slim Jeans,mens-light-blue-slim-jeans-179,Bottoms,Slim Jeans,Men,Male,Adults,,,/products/extracted/model2_male_light_blue_jeans__DSC3820_Large_8.png,"Find your perfect fit with these light blue jeans. Crafted from premium denim, these jeans offer the ideal combination of style, comfort, and durability. The classic cut flatters every body type while providing freedom of movement. Versatile enough to dress up or down, these jeans transition seamlessly from casual days to evening outings. A wardrobe essential that pairs perfectly with any top. Shop now to add this jeans to your collection.",,,Light Blue,,casual,ZC-M0220,false,,,,,,,,,,,"https://res.cloudinary.com/ds8llatku/image/upload/f_auto,q_auto/zecode/products/model-poses/model2_male_streetwear_front_standing__DSC3820_Large","https://res.cloudinary.com/ds8llatku/image/upload/f_auto,q_auto/zecode/products/model-poses/model2_male_streetwear_three_quarter__DSC3820_Large","https://res.cloudinary.com/ds8llatku/image/upload/f_auto,q_auto/zecode/products/model-poses/model2_male_streetwear_casual_lifestyle__DSC3820_Large",
180,published,,Men's Light Green Casual Shirt,mens-light-green-casual-shirt,Tops,Casual Shirt,Men,Male,Adults,,,/products/extracted/male_dark_blue_cargo_pants__DSC4827_Large_2.png,"Elevate your style with this sophisticated light green shirt featuring a clean, refined design. Perfect for both casual and semi-formal occasions, this versatile piece combines comfort with contemporary fashion. The quality fabric ensures breathability while maintaining a crisp appearance throughout the day. Whether heading to the office or a weekend brunch, this shirt delivers effortless elegance. Complete your look by pairing with trousers or jeans.",,,Light Green,,casual,ZC-M0221,false,,,,,,,,,,,"https://res.cloudinary.com/ds8llatku/image/upload/f_auto,q_auto/zecode/products/model-poses/model2_female_casual_front_standing__DSC4827_Large","https://res.cloudinary.com/ds8llatku/image/upload/f_auto,q_auto/zecode/products/model-poses/model2_female_casual_three_quarter__DSC4827_Large","https://res.cloudinary.com/ds8llatku/image/upload/f_auto,q_auto/zecode/products/model-poses/model2_female_casual_casual_lifestyle__DSC4827_Large",
181,published,,Boy's Olive Green Graphic Print Pants,boys-olive-green-graphic-print-pants,Kids,Pants,Kids,Boy,Kids,,,/products/extracted/male_beige_t_shirt_under_graphic__DSC5549_2.png,"Elevate your everyday style with these versatile olive green pants featuring graphic print design. The comfortable fit and quality fabric make these pants perfect for all-day wear. Whether you're at the office, running errands, or enjoying leisure time, these pants deliver both style and functionality. The tailored cut offers a polished look while maintaining comfort. Pair with shirts, t-shirts, or sweaters for endless outfit possibilities. Shop now to add this pants to your collection.",,,Olive Green,graphic,casual,ZC-KB0145,false,,,,,,,,,,,/products/extracted/model2_male_orange_t_shirt_under_graphic__DSC3820_Large_7.png,/products/extracted/model3_male_black_t_shirt__DSC3713_Large_6.png,/products/extracted/model3_male_orange_t_shirt_graphic__DSC3868_Large_6.png,
182,published,,Girl's Yellow Graphic Print Dress,girls-yellow-graphic-print-dress,Kids,Dress,Kids,Girl,Kids,,,"https://res.cloudinary.com/ds8llatku/image/upload/f_auto,q_auto/zecode/products/extracted/model2_female_yellow_dress_graphic_SONY_ILCE-7RM5_9600x6376_000295_2","Make an impression in this beautiful yellow dress featuring graphic print design. The flattering silhouette and quality fabric combine to create a piece that moves gracefully with you. Perfect for special occasions, date nights, or elevated everyday wear. The thoughtful construction ensures comfort while the elegant design makes a sophisticated statement. Style with heels for evening events or flats for daytime charm. Shop now to add this dress to your collection.",,,Yellow,graphic,casual,ZC-KG0207,false,,,,,,,,,,,/products/extracted/model2_female_black_midi_dress__DSC4744_Large_4.png,/products/extracted/model2_female_light_pink_dress_graphic__DSC4148_1_5.png,/products/extracted/model4_female_dark_red_dress__DSC4148_1_11.png,
183,published,,Men's Black Slim Pants,mens-black-slim-pants-183,Bottoms,Slim Pants,Men,Male,Adults,,,/products/extracted/female_black_dress__DSC4537_Large_1.png,"Elevate your everyday style with these versatile black pants. The comfortable fit and quality fabric make these pants perfect for all-day wear. Whether you're at the office, running errands, or enjoying leisure time, these pants deliver both style and functionality. The tailored cut offers a polished look while maintaining comfort. Pair with shirts, t-shirts, or sweaters for endless outfit possibilities. Shop now to add this pants to your collection.",,,Black,,casual,ZC-M0212,false,,,,,,,,,,,"https://res.cloudinary.com/ds8llatku/image/upload/f_auto,q_auto/zecode/products/model-poses/female_cocktail_front_standing__DSC4537_Large","https://res.cloudinary.com/ds8llatku/image/upload/f_auto,q_auto/zecode/products/model-poses/female_cocktail_three_quarter__DSC4537_Large","https://res.cloudinary.com/ds8llatku/image/upload/f_auto,q_auto/zecode/products/model-poses/female_cocktail_casual_lifestyle__DSC4537_Large",
184,published,,Men's Black Graphic Print Sweatshirt,mens-black-graphic-print-sweatshirt,Tops,Sweatshirt,Men,Male,Adults,,,/products/extracted/model2_male_black_sweatshirt_graphic_SONY_ILCE-7RM5_6304x4180_000060_4.png,"Discover this stylish black sweatshirt featuring graphic print design. Crafted with attention to quality and contemporary fashion, this piece offers the perfect blend of style and comfort. The versatile design makes it suitable for various occasions, from casual outings to more polished settings. Quality materials ensure lasting wear while the thoughtful construction provides a comfortable fit. A great addition to any wardrobe. Shop now to add this sweatshirt to your collection.",,,Black,graphic,casual,ZC-M0213,false,,,,,,,,,,,/products/extracted/model2_male_dark_blue_jeans_SONY_ILCE-7RM5_6304x4180_000060_5.png,/products/extracted/model2_male_beige_hoodie__DSC3606_3.png,/products/extracted/model2_male_dark_teal_sweatshirt_graphic__DSC5314_3.png,
185,published,,Men's Blue Slim Jeans,mens-blue-slim-jeans-185,Bottoms,Slim Jeans,Men,Male,Adults,,,/products/extracted/model2_male_blue_jeans_SONY_ILCE-7RM5_6304x4180_000037_7.png,"Find your perfect fit with these blue jeans. Crafted from premium denim, these jeans offer the ideal combination of style, comfort, and durability. The classic cut flatters every body type while providing freedom of movement. Versatile enough to dress up or down, these jeans transition seamlessly from casual days to evening outings. A wardrobe essential that pairs perfectly with any top. Shop now to add this jeans to your collection.",,,Blue,,casual,ZC-M0214,false,,,,,,,,,,,/products/extracted/model2_male_white_polo_shirt_striped_SONY_ILCE-7RM5_6304x4180_000037_6.png,/products/extracted/model2_male_blue_jeans__DSC3606_4.png,/products/extracted/model2_male_dark_blue_jeans_SONY_ILCE-7RM5_6304x4180_000060_5.png,
186,published,,Men's Dark Blue Slim Jeans,mens-dark-blue-slim-jeans-186,Bottoms,Slim Jeans,Men,Male,Adults,,,/products/extracted/model2_male_dark_blue_jeans_SONY_ILCE-7RM5_6304x4180_000060_5.png,"Find your perfect fit with these dark blue jeans. Crafted from premium denim, these jeans offer the ideal combination of style, comfort, and durability. The classic cut flatters every body type while providing freedom of movement. Versatile enough to dress up or down, these jeans transition seamlessly from casual days to evening outings. A wardrobe essential that pairs perfectly with any top. Shop now to add this jeans to your collection.",,,Dark Blue,,casual,ZC-M0216,false,,,,,,,,,,,/products/extracted/model2_male_black_sweatshirt_graphic_SONY_ILCE-7RM5_6304x4180_000060_4.png,/products/extracted/model2_male_blue_jeans_SONY_ILCE-7RM5_6304x4180_000037_7.png,/products/extracted/model2_male_blue_jeans__DSC3606_4.png,
187,published,,Men's Brown Casual Shirt,mens-brown-casual-shirt,Tops,Casual Shirt,Men,Male,Adults,,,/products/extracted/model2_male_dark_brown_long_sleeved_shirt_outer_SONY_ILCE-7RM5_9600x6376_000109_4.png,"Elevate your style with this sophisticated brown shirt featuring a clean, refined design. Perfect for both casual and semi-formal occasions, this versatile piece combines comfort with contemporary fashion. The quality fabric ensures breathability while maintaining a crisp appearance throughout the day. Whether heading to the office or a weekend brunch, this shirt delivers effortless elegance. Complete your look by pairing with trousers or jeans. Shop now to add this shirt to your collection.",,,Brown,,casual,ZC-M0217,false,,,,,,,,,,,/products/extracted/model2_male_black_button_up_shirt__DSC4537_Large_2.png,/products/extracted/model2_male_light_green_shirt__DSC3952_Large_4.png,/products/extracted/model2_male_white_polo_shirt_striped_SONY_ILCE-7RM5_6304x4180_000037_6.png,
188,published,,Boy's Teal Graphic Print Sweatshirt,boys-teal-graphic-print-sweatshirt,Kids,Sweatshirt,Kids,Boy,Kids,,,/products/extracted/model2_male_dark_teal_sweatshirt_graphic__DSC5314_3.png,"Discover this stylish teal sweatshirt featuring graphic print design. Crafted with attention to quality and contemporary fashion, this piece offers the perfect blend of style and comfort. The versatile design makes it suitable for various occasions, from casual outings to more polished settings. Quality materials ensure lasting wear while the thoughtful construction provides a comfortable fit. A great addition to any wardrobe. Shop now to add this sweatshirt to your collection.",,,Teal,graphic,casual,ZC-KB0218,false,,,,,,,,,,,"https://res.cloudinary.com/ds8llatku/image/upload/f_auto,q_auto/zecode/products/model-poses/female_casual_front_standing__DSC5314","https://res.cloudinary.com/ds8llatku/image/upload/f_auto,q_auto/zecode/products/model-poses/female_casual_three_quarter__DSC5314","https://res.cloudinary.com/ds8llatku/image/upload/f_auto,q_auto/zecode/products/model-poses/female_casual_casual_lifestyle__DSC5314",
189,published,,Boy's Navy Graphic Print Varsity Jacket,boys-navy-graphic-print-varsity-jacket,Kids,Varsity Jacket,Kids,Boy,Kids,,,/products/extracted/model2_male_light_blue_jeans__DSC3820_Large_8.png,"Discover this stylish navy varsity jacket featuring graphic print design. Crafted with attention to quality and contemporary fashion, this piece offers the perfect blend of style and comfort. The versatile design makes it suitable for various occasions, from casual outings to more polished settings. Quality materials ensure lasting wear while the thoughtful construction provides a comfortable fit. A great addition to any wardrobe. Shop now to add this varsity jacket to your collection.",,,Navy,graphic,casual,ZC-KB0222,false,,,,,,,,,,,"https://res.cloudinary.com/ds8llatku/image/upload/f_auto,q_auto/zecode/products/model-poses/model2_male_streetwear_front_standing__DSC3820_Large","https://res.cloudinary.com/ds8llatku/image/upload/f_auto,q_auto/zecode/products/model-poses/model2_male_streetwear_three_quarter__DSC3820_Large","https://res.cloudinary.com/ds8llatku/image/upload/f_auto,q_auto/zecode/products/model-poses/model2_male_streetwear_casual_lifestyle__DSC3820_Large",
190,published,,Men's White Graphic Print T-Shirt,mens-white-graphic-print-t-shirt-190,Tops,T-Shirt,Men,Male,Adults,,,/products/extracted/male_black_jacket_outer__DSC4815_Large_1.png,"Upgrade your casual wardrobe with this stylish white t-shirt. Crafted from premium quality fabric, this graphic print tee offers exceptional comfort and a modern fit. The versatile design makes it perfect for everyday wear, whether you're running errands, meeting friends, or relaxing at home. The durable construction ensures this piece will maintain its shape and color through countless washes. Pair with jeans for a classic look or dress it up with chinos.",,,White,graphic,casual,ZC-M0159,false,,,,,,,,,,,"https://res.cloudinary.com/ds8llatku/image/upload/f_auto,q_auto/zecode/products/model-poses/male_streetwear_front_standing__DSC4815_Large","https://res.cloudinary.com/ds8llatku/image/upload/f_auto,q_auto/zecode/products/model-poses/male_streetwear_three_quarter__DSC4815_Large","https://res.cloudinary.com/ds8llatku/image/upload/f_auto,q_auto/zecode/products/model-poses/male_streetwear_casual_lifestyle__DSC4815_Large",
191,published,,Women's Beige Graphic Print Sweatpants,womens-beige-graphic-print-sweatpants-191,women,activewear,Women,Female,Adults,,,/products/extracted/model2_male_light_green_shirt__DSC3952_Large_4.png,"Discover this stylish beige sweatpants featuring graphic print design. Crafted with attention to quality and contemporary fashion, this piece offers the perfect blend of style and comfort. The versatile design makes it suitable for various occasions, from casual outings to more polished settings. Quality materials ensure lasting wear while the thoughtful construction provides a comfortable fit. A great addition to any wardrobe. Shop now to add this sweatpants to your collection.",,,Beige,graphic,casual,ZC-F0227,false,,,,,,,,,,,"https://res.cloudinary.com/ds8llatku/image/upload/f_auto,q_auto/zecode/products/model-poses/female_smart_casual_front_standing__DSC3952_Large","https://res.cloudinary.com/ds8llatku/image/upload/f_auto,q_auto/zecode/products/model-poses/female_smart_casual_three_quarter__DSC3952_Large","https://res.cloudinary.com/ds8llatku/image/upload/f_auto,q_auto/zecode/products/model-poses/female_smart_casual_casual_lifestyle__DSC3952_Large",
192,published,,Navy Blue Sleeveless Ribbed Knit Racerback Tank Top,navy-blue-sleeveless-ribbed-knit-racerback-tank-top,Tops,Casual Top,Women,Female,Adults,,,/products/extracted/model3_female_blue_sleeveless_top__DSC4597_Large_7.png,"This stylish navy blue sleeveless top is a foundational piece for a modern, sleek look. It features a high, rounded crew neckline and appears to be constructed from a comfortable navy blue ribbed knit fabric that allows for a close, body-hugging fit. The design likely includes a racerback cut at the back, typical of this silhouette, adding a sporty yet elegant touch. Its deep, solid navy blue color offers great versatility for pairing with contrasting bottoms like the white trousers shown, or for layering under jackets and cardigans. The fabric's subtle texture provides visual interest, making it an excellent choice for casual wear or dressing up when combined with tailored pieces.",,,Blue,,casual,ZC-F0230,false,,,,,,,,,,,"https://res.cloudinary.com/ds8llatku/image/upload/f_auto,q_auto/zecode/products/model-poses/model3_female_casual_front_standing__DSC4597_Large","https://res.cloudinary.com/ds8llatku/image/upload/f_auto,q_auto/zecode/products/model-poses/model3_female_casual_three_quarter__DSC4597_Large","https://res.cloudinary.com/ds8llatku/image/upload/f_auto,q_auto/zecode/products/model-poses/model3_female_casual_casual_lifestyle__DSC4597_Large",
193,published,,Girl's Yellow Graphic Print Dress,girls-yellow-graphic-print-dress-193,Kids,Dress,Kids,Girl,Kids,,,/products/extracted/female_light_yellow_dress_graphic_file_1616x1080_001036_Large_1.png,"Make an impression in this beautiful yellow dress featuring graphic print design. The flattering silhouette and quality fabric combine to create a piece that moves gracefully with you. Perfect for special occasions, date nights, or elevated everyday wear. The thoughtful construction ensures comfort while the elegant design makes a sophisticated statement. Style with heels for evening events or flats for daytime charm. Shop now to add this dress to your collection.",,,Yellow,graphic,casual,ZC-KG0062,false,,,,,,,,,,,/products/extracted/model2_female_black_midi_dress__DSC4744_Large_4.png,/products/extracted/model2_female_light_pink_dress_graphic__DSC4148_1_5.png,/products/extracted/model4_female_dark_red_dress__DSC4148_1_11.png,
194,published,,Men's Beige Shorts,mens-beige-shorts,Bottoms,Shorts,Men,Male,Adults,,,/products/extracted/model3_male_beige_shorts__DSC4148_1_8.png,"Discover this stylish beige shorts. Crafted with attention to quality and contemporary fashion, this piece offers the perfect blend of style and comfort. The versatile design makes it suitable for various occasions, from casual outings to more polished settings. Quality materials ensure lasting wear while the thoughtful construction provides a comfortable fit. A great addition to any wardrobe. Shop now to add this shorts to your collection.",,,Beige,,casual,ZC-M0233,false,,,,,,,,,,,"https://res.cloudinary.com/ds8llatku/image/upload/f_auto,q_auto/zecode/products/model-poses/model4_female_casual_chic_front_standing__DSC4148_1","https://res.cloudinary.com/ds8llatku/image/upload/f_auto,q_auto/zecode/products/model-poses/model4_female_casual_chic_three_quarter__DSC4148_1","https://res.cloudinary.com/ds8llatku/image/upload/f_auto,q_auto/zecode/products/model-poses/model4_female_casual_chic_casual_lifestyle__DSC4148_1",
195,published,,Men's Brown Slim Pants,mens-brown-slim-pants,Bottoms,Slim Pants,Men,Male,Adults,,,/products/extracted/model2_male_light_green_shirt__DSC3952_Large_4.png,"Elevate your everyday style with these versatile brown pants. The comfortable fit and quality fabric make these pants perfect for all-day wear. Whether you're at the office, running errands, or enjoying leisure time, these pants deliver both style and functionality. The tailored cut offers a polished look while maintaining comfort. Pair with shirts, t-shirts, or sweaters for endless outfit possibilities. Shop now to add this pants to your collection.",,,Brown,,casual,ZC-M0236,false,,,,,,,,,,,"https://res.cloudinary.com/ds8llatku/image/upload/f_auto,q_auto/zecode/products/model-poses/female_smart_casual_front_standing__DSC3952_Large","https://res.cloudinary.com/ds8llatku/image/upload/f_auto,q_auto/zecode/products/model-poses/female_smart_casual_three_quarter__DSC3952_Large","https://res.cloudinary.com/ds8llatku/image/upload/f_auto,q_auto/zecode/products/model-poses/female_smart_casual_casual_lifestyle__DSC3952_Large",
196,published,,Girl's White Graphic Print T-Shirt,girls-white-graphic-print-t-shirt,Kids,T-Shirt,Kids,Girl,Kids,,,/products/extracted/female_light_blue_jacket_outer__DSC5713_2.png,"Upgrade your casual wardrobe with this stylish white t-shirt. Crafted from premium quality fabric, this graphic print tee offers exceptional comfort and a modern fit. The versatile design makes it perfect for everyday wear, whether you're running errands, meeting friends, or relaxing at home. The durable construction ensures this piece will maintain its shape and color through countless washes. Pair with jeans for a classic look or dress it up with chinos.",,,White,graphic,casual,ZC-KG0083,false,,,,,,,,,,,"https://res.cloudinary.com/ds8llatku/image/upload/f_auto,q_auto/zecode/products/model-poses/female_casual_front_standing__DSC5713","https://res.cloudinary.com/ds8llatku/image/upload/f_auto,q_auto/zecode/products/model-poses/female_casual_three_quarter__DSC5713","https://res.cloudinary.com/ds8llatku/image/upload/f_auto,q_auto/zecode/products/model-poses/female_casual_casual_lifestyle__DSC5713",
197,published,,Women's Blue Vest,womens-blue-vest,Outerwear,Vest,Women,Female,Adults,,,/products/extracted/model3_female_blue_denim_vest_outer__DSC4293_Large_8.png,"Discover this stylish blue vest. Crafted with attention to quality and contemporary fashion, this piece offers the perfect blend of style and comfort. The versatile design makes it suitable for various occasions, from casual outings to more polished settings. Quality materials ensure lasting wear while the thoughtful construction provides a comfortable fit. A great addition to any wardrobe. Shop now to add this vest to your collection.",,,Blue,,casual,ZC-F0228,false,,,,,,,,,,,"https://res.cloudinary.com/ds8llatku/image/upload/f_auto,q_auto/zecode/products/model-poses/model4_male_casual_front_standing__DSC4293_Large","https://res.cloudinary.com/ds8llatku/image/upload/f_auto,q_auto/zecode/products/model-poses/model4_male_casual_three_quarter__DSC4293_Large","https://res.cloudinary.com/ds8llatku/image/upload/f_auto,q_auto/zecode/products/model-poses/model4_male_casual_casual_lifestyle__DSC4293_Large",
199,published,,Men's Grey Graphic Print Backpack,mens-grey-graphic-print-backpack,Accessories,Backpack,Men,Male,Adults,,,/products/extracted/model3_male_dark_green_button_up_shirt_graphic__DSC3800_Large_9.png,"Discover this stylish grey backpack featuring graphic print design. Crafted with attention to quality and contemporary fashion, this piece offers the perfect blend of style and comfort. The versatile design makes it suitable for various occasions, from casual outings to more polished settings. Quality materials ensure lasting wear while the thoughtful construction provides a comfortable fit. A great addition to any wardrobe. Shop now to add this backpack to your collection.",,,Grey,graphic,casual,ZC-M0239,false,,,,,,,,,,,"https://res.cloudinary.com/ds8llatku/image/upload/f_auto,q_auto/zecode/products/model-poses/model3_male_casual_front_standing__DSC3800_Large","https://res.cloudinary.com/ds8llatku/image/upload/f_auto,q_auto/zecode/products/model-poses/model3_male_casual_three_quarter__DSC3800_Large","https://res.cloudinary.com/ds8llatku/image/upload/f_auto,q_auto/zecode/products/model-poses/model3_male_casual_casual_lifestyle__DSC3800_Large",
200,published,,Women's White Slim Pants,womens-white-slim-pants,Bottoms,Slim Pants,Women,Female,Adults,,,/products/extracted/model3_male_dark_grey_jeans__DSC3868_Large_7.png,"Elevate your everyday style with these versatile white pants. The comfortable fit and quality fabric make these pants perfect for all-day wear. Whether you're at the office, running errands, or enjoying leisure time, these pants deliver both style and functionality. The tailored cut offers a polished look while maintaining comfort. Pair with shirts, t-shirts, or sweaters for endless outfit possibilities. Shop now to add this pants to your collection.",,,White,,casual,ZC-F0231,false,,,,,,,,,,,"https://res.cloudinary.com/ds8llatku/image/upload/f_auto,q_auto/zecode/products/model-poses/model4_female_casual_front_standing__DSC3868_Large","https://res.cloudinary.com/ds8llatku/image/upload/f_auto,q_auto/zecode/products/model-poses/model4_female_casual_three_quarter__DSC3868_Large","https://res.cloudinary.com/ds8llatku/image/upload/f_auto,q_auto/zecode/products/model-poses/model4_female_casual_casual_lifestyle__DSC3868_Large",
201,published,,Men's Black Slim Pants,mens-black-slim-pants-201,Bottoms,Slim Pants,Men,Male,Adults,,,/products/extracted/model3_male_black_pants__DSC3713_Large_7.png,"Elevate your everyday style with these versatile black pants. The comfortable fit and quality fabric make these pants perfect for all-day wear. Whether you're at the office, running errands, or enjoying leisure time, these pants deliver both style and functionality. The tailored cut offers a polished look while maintaining comfort. Pair with shirts, t-shirts, or sweaters for endless outfit possibilities. Shop now to add this pants to your collection.",,,Black,,casual,ZC-M0234,false,,,,,,,,,,,"https://res.cloudinary.com/ds8llatku/image/upload/f_auto,q_auto/zecode/products/model-poses/model2_female_casual_front_standing__DSC3713_Large","https://res.cloudinary.com/ds8llatku/image/upload/f_auto,q_auto/zecode/products/model-poses/model2_female_casual_three_quarter__DSC3713_Large","https://res.cloudinary.com/ds8llatku/image/upload/f_auto,q_auto/zecode/products/model-poses/model2_female_casual_casual_lifestyle__DSC3713_Large",
202,published,,Men's Dark Green Graphic Print Button-Up Shirt,mens-dark-green-graphic-print-button-up-shirt,men,shirts,Men,Male,Adults,,,/products/extracted/model3_male_dark_green_button_up_shirt_graphic__DSC3800_Large_9.png,"Make a refined statement with this dark green button-up shirt featuring graphic print design. Tailored for a modern fit, this shirt transitions seamlessly from professional settings to casual outings. The premium fabric offers comfort and durability, while thoughtful details add a touch of sophistication. Perfect for layering under blazers or wearing solo with rolled sleeves. A versatile wardrobe essential for the style-conscious individual. Shop now to add this button-up shirt to your collection.",,,Dark Green,graphic,casual,ZC-M0237,false,,,,,,,,,,,"https://res.cloudinary.com/ds8llatku/image/upload/f_auto,q_auto/zecode/products/model-poses/model3_male_casual_front_standing__DSC3800_Large","https://res.cloudinary.com/ds8llatku/image/upload/f_auto,q_auto/zecode/products/model-poses/model3_male_casual_three_quarter__DSC3800_Large","https://res.cloudinary.com/ds8llatku/image/upload/f_auto,q_auto/zecode/products/model-poses/model3_male_casual_casual_lifestyle__DSC3800_Large",
203,published,,Men's Grey Slim Jeans,mens-grey-slim-jeans,Bottoms,Slim Jeans,Men,Male,Adults,,,/products/extracted/model3_male_dark_grey_jeans__DSC3868_Large_7.png,"Find your perfect fit with these grey jeans. Crafted from premium denim, these jeans offer the ideal combination of style, comfort, and durability. The classic cut flatters every body type while providing freedom of movement. Versatile enough to dress up or down, these jeans transition seamlessly from casual days to evening outings. A wardrobe essential that pairs perfectly with any top. Shop now to add this jeans to your collection.",,,Grey,,casual,ZC-M0238,false,,,,,,,,,,,"https://res.cloudinary.com/ds8llatku/image/upload/f_auto,q_auto/zecode/products/model-poses/model4_female_casual_front_standing__DSC3868_Large","https://res.cloudinary.com/ds8llatku/image/upload/f_auto,q_auto/zecode/products/model-poses/model4_female_casual_three_quarter__DSC3868_Large","https://res.cloudinary.com/ds8llatku/image/upload/f_auto,q_auto/zecode/products/model-poses/model4_female_casual_casual_lifestyle__DSC3868_Large",
204,published,,Women's Black Heels,womens-black-heels,Footwear,Heels,Women,Female,Adults,,,/products/extracted/female_dark_blue_cargo_pants__DSC4744_Large_2.png,"Discover this stylish black heels. Crafted with attention to quality and contemporary fashion, this piece offers the perfect blend of style and comfort. The versatile design makes it suitable for various occasions, from casual outings to more polished settings. Quality materials ensure lasting wear while the thoughtful construction provides a comfortable fit. A great addition to any wardrobe. Shop now to add this heels to your collection.",,,Black,,casual,ZC-F0167,false,,,,,,,,,,,"https://res.cloudinary.com/ds8llatku/image/upload/f_auto,q_auto/zecode/products/model-poses/model2_female_casual_chic_front_standing__DSC4744_Large","https://res.cloudinary.com/ds8llatku/image/upload/f_auto,q_auto/zecode/products/model-poses/model2_female_casual_chic_three_quarter__DSC4744_Large","https://res.cloudinary.com/ds8llatku/image/upload/f_auto,q_auto/zecode/products/model-poses/model2_female_casual_chic_casual_lifestyle__DSC4744_Large",
205,published,,Men's White Graphic Print Shirt,mens-white-graphic-print-shirt-205,Tops,Shirt,Men,Male,Adults,,,/products/extracted/model2_male_light_green_shirt__DSC3952_Large_4.png,"Elevate your style with this sophisticated white shirt featuring graphic print detailing. Perfect for both casual and semi-formal occasions, this versatile piece combines comfort with contemporary fashion. The quality fabric ensures breathability while maintaining a crisp appearance throughout the day. Whether heading to the office or a weekend brunch, this shirt delivers effortless elegance. Complete your look by pairing with trousers or jeans. Shop now to add this shirt to your collection.",,,White,graphic,casual,ZC-M0243,false,,,,,,,,,,,"https://res.cloudinary.com/ds8llatku/image/upload/f_auto,q_auto/zecode/products/model-poses/female_smart_casual_front_standing__DSC3952_Large","https://res.cloudinary.com/ds8llatku/image/upload/f_auto,q_auto/zecode/products/model-poses/female_smart_casual_three_quarter__DSC3952_Large","https://res.cloudinary.com/ds8llatku/image/upload/f_auto,q_auto/zecode/products/model-poses/female_smart_casual_casual_lifestyle__DSC3952_Large",
206,published,,Dark Red Textured Short-Sleeve Belted Mini Dress,dark-red-textured-short-sleeve-belted-mini-dress,women,dresses,Women,Female,Adults,,,/products/extracted/model3_male_beige_shorts__DSC4148_1_8.png,"This casual yet chic mini dress is presented in a deep, rich dark red or burgundy color. The fabric has a visible textured, crinkled, or crepe finish. It features a gentle V-neckline and short, loose kimono-style sleeves. The dress has a full button-front closure and includes a matching, removable fabric belt that cinches the waist to create a flattering silhouette. The dark red hue and simple A-line shape make it a versatile piece for various daytime occasions, offering a comfortable and stylish fit.",,,Red,,casual,ZC-F0247,false,,,,,,,,,,,"https://res.cloudinary.com/ds8llatku/image/upload/f_auto,q_auto/zecode/products/model-poses/model4_female_casual_chic_front_standing__DSC4148_1","https://res.cloudinary.com/ds8llatku/image/upload/f_auto,q_auto/zecode/products/model-poses/model4_female_casual_chic_three_quarter__DSC4148_1","https://res.cloudinary.com/ds8llatku/image/upload/f_auto,q_auto/zecode/products/model-poses/model4_female_casual_chic_casual_lifestyle__DSC4148_1",
207,published,,Women's White Graphic Print Sweatshirt,womens-white-graphic-print-sweatshirt,Tops,Sweatshirt,Women,Female,Adults,,,/products/extracted/model3_male_dark_grey_jeans__DSC3868_Large_7.png,"Discover this stylish white sweatshirt featuring graphic print design. Crafted with attention to quality and contemporary fashion, this piece offers the perfect blend of style and comfort. The versatile design makes it suitable for various occasions, from casual outings to more polished settings. Quality materials ensure lasting wear while the thoughtful construction provides a comfortable fit. A great addition to any wardrobe. Shop now to add this sweatshirt to your collection.",,,White,graphic,casual,ZC-F0249,false,,,,,,,,,,,"https://res.cloudinary.com/ds8llatku/image/upload/f_auto,q_auto/zecode/products/model-poses/model4_female_casual_front_standing__DSC3868_Large","https://res.cloudinary.com/ds8llatku/image/upload/f_auto,q_auto/zecode/products/model-poses/model4_female_casual_three_quarter__DSC3868_Large","https://res.cloudinary.com/ds8llatku/image/upload/f_auto,q_auto/zecode/products/model-poses/model4_female_casual_casual_lifestyle__DSC3868_Large",
208,published,,Women's Beige Heels,womens-beige-heels,Footwear,Heels,Women,Female,Adults,,,/products/extracted/female_black_dress_graphic__DSC6503_1.png,"Discover this stylish beige heels. Crafted with attention to quality and contemporary fashion, this piece offers the perfect blend of style and comfort. The versatile design makes it suitable for various occasions, from casual outings to more polished settings. Quality materials ensure lasting wear while the thoughtful construction provides a comfortable fit. A great addition to any wardrobe. Shop now to add this heels to your collection.",,,Beige,,casual,ZC-F0001,false,,,,,,,,,,,"https://res.cloudinary.com/ds8llatku/image/upload/f_auto,q_auto/zecode/products/model-poses/female_casual_chic_front_standing__DSC6503","https://res.cloudinary.com/ds8llatku/image/upload/f_auto,q_auto/zecode/products/model-poses/female_casual_chic_three_quarter__DSC6503","https://res.cloudinary.com/ds8llatku/image/upload/f_auto,q_auto/zecode/products/model-poses/female_casual_chic_casual_lifestyle__DSC6503",
209,published,,Black Wide-Leg Pants with Clean Minimal Design and No Graphic or Text Detailing,black-wide-leg-pants-clean-minimal-design-no-graphic-text-detailing,women,trousers,Women,Female,Adults,,,/products/extracted/female_black_pants_file_1616x1080_001321_Large_2.png,"These black wide-leg pants feature a clean, minimal aesthetic with no graphical prints or text, offering a versatile foundation for both casual and refined outfits. Designed with a smooth waistband and a relaxed, straight-leg silhouette, they deliver comfort without compromising style. The simple, uninterrupted fabric enhances pairing flexibility, making these pants an essential wardrobe staple suited for daily wear, work settings, and elevated looks.",,,Black,,casual,ZC-F0020,false,,,,,,,,,,,/products/extracted/model2_female_black_pants__DSC3989_Large_3.png,/products/extracted/model2_female_black_pants__DSC4360_Large_5.png,/products/extracted/model2_female_black_pants__DSC4827_Large_4.png,
210,published,,Men's Black Graphic Print Short Sleeve Shirt,mens-black-graphic-print-short-sleeve-shirt,Tops,Short Sleeve Shirt,Men,Male,Adults,,,/products/extracted/model3_male_beige_shorts__DSC4148_1_8.png,"Stay cool and stylish with this black short sleeve shirt showcasing graphic print pattern. Designed for warm weather comfort, this shirt offers a relaxed yet polished look. The breathable fabric keeps you comfortable while the contemporary cut ensures a flattering fit. Ideal for beach days, vacation wear, or casual summer gatherings. Pair with shorts for a laid-back vibe or chinos for elevated casual style. Shop now to add this short sleeve shirt to your collection.",,,Black,graphic,casual,ZC-M0097,false,,,,,,,,,,,"https://res.cloudinary.com/ds8llatku/image/upload/f_auto,q_auto/zecode/products/model-poses/model4_female_casual_chic_front_standing__DSC4148_1","https://res.cloudinary.com/ds8llatku/image/upload/f_auto,q_auto/zecode/products/model-poses/model4_female_casual_chic_three_quarter__DSC4148_1","https://res.cloudinary.com/ds8llatku/image/upload/f_auto,q_auto/zecode/products/model-poses/model4_female_casual_chic_casual_lifestyle__DSC4148_1",
211,published,,Men's Black Slim Pants,mens-black-slim-pants-211,Bottoms,Slim Pants,Men,Male,Adults,,,/products/extracted/model3_female_beige_hoodie_graphic__DSC3606_6.png,"Elevate your everyday style with these versatile black pants. The comfortable fit and quality fabric make these pants perfect for all-day wear. Whether you're at the office, running errands, or enjoying leisure time, these pants deliver both style and functionality. The tailored cut offers a polished look while maintaining comfort. Pair with shirts, t-shirts, or sweaters for endless outfit possibilities. Shop now to add this pants to your collection.",,,Black,,casual,ZC-M0254,false,,,,,,,,,,,"https://res.cloudinary.com/ds8llatku/image/upload/f_auto,q_auto/zecode/products/model-poses/female_casual_front_standing__DSC3606","https://res.cloudinary.com/ds8llatku/image/upload/f_auto,q_auto/zecode/products/model-poses/female_casual_three_quarter__DSC3606","https://res.cloudinary.com/ds8llatku/image/upload/f_auto,q_auto/zecode/products/model-poses/female_casual_casual_lifestyle__DSC3606",
212,published,,Black Open-Front Knit Cardigan with Long Sleeves and Minimalist Relaxed Silhouette,black-open-front-knit-cardigan-with-long-sleeves-and-minimalist-relaxed-silhouette,Outerwear,Casual Jacket,Women,Female,Adults,,,"https://res.cloudinary.com/ds8llatku/image/upload/f_auto,q_auto/zecode/products/extracted/female_black_midi_slip_dress_minimalist_SONY_ILCE_7RM5_9600x","This black open-front knit cardigan features a minimalist, relaxed silhouette designed for versatile layering. Crafted from a soft, medium-weight knit, it offers warmth and comfort without added bulk. The long sleeves and clean front opening provide a refined, effortless look suitable for both casual and workwear ensembles. Ribbed cuffs and hem enhance durability and shape retention. Timeless and easy to style, this cardigan serves as an essential wardrobe staple for year-round use.",,,Black,,casual,ZC-F0245,false,,,,,,,,,,,/products/extracted/model2_female_black_midi_dress__DSC4744_Large_4.png,/products/extracted/model2_female_light_pink_dress_graphic__DSC4148_1_5.png,/products/extracted/model4_female_dark_red_dress__DSC4148_1_11.png,
213,published,,Black Wide-Leg Trousers with Minimal Clean Design and No Graphic or Text Detailing,black-wide-leg-trousers-with-minimal-clean-design-no-graphic-text-detailing,women,trousers,Women,Female,Adults,,,/products/extracted/model3_female_beige_hoodie_graphic__DSC3606_6.png,"These black wide-leg trousers offer a refined, minimal look with no graphical prints or text, making them a versatile essential for everyday wear. Crafted with a structured yet comfortable fabric, they feature a smooth waistband with belt loops, side pockets, and a relaxed straight silhouette. Perfect for pairing with casual, workwear, or elevated outfits, these trousers provide a timeless, clean aesthetic suitable for multiple styling needs.",,,Black,,casual,ZC-F0246,false,,,,,,,,,,,"https://res.cloudinary.com/ds8llatku/image/upload/f_auto,q_auto/zecode/products/model-poses/female_casual_front_standing__DSC3606","https://res.cloudinary.com/ds8llatku/image/upload/f_auto,q_auto/zecode/products/model-poses/female_casual_three_quarter__DSC3606","https://res.cloudinary.com/ds8llatku/image/upload/f_auto,q_auto/zecode/products/model-poses/female_casual_casual_lifestyle__DSC3606",
214,published,,Women's Light Blue Wide-Leg Cargo Jeans with Graphic Print,womens-light-blue-wide-leg-cargo-jeans-graphic-print,women,jeans,Women,Female,Adults,,,/products/extracted/model3_male_dark_grey_jeans__DSC3868_Large_7.png,"Step out in street style with these women's light blue, wide-leg denim cargo jeans. Crafted from comfortable, durable denim, they feature a relaxed fit through the leg and practical cargo pockets on the sides. A striking graphic print on the upper right thigh, featuring a stylized character and red text, adds a unique, edgy touch. Complete with a standard zip fly, button closure, and classic front and back pockets. Perfect for a casual, fashion-forward look, pairing well with crop tops or oversized sweatshirts.",,,Light Blue,,casual,ZC-F0248,false,,,,,,,,,,,"https://res.cloudinary.com/ds8llatku/image/upload/f_auto,q_auto/zecode/products/model-poses/model4_female_casual_front_standing__DSC3868_Large","https://res.cloudinary.com/ds8llatku/image/upload/f_auto,q_auto/zecode/products/model-poses/model4_female_casual_three_quarter__DSC3868_Large","https://res.cloudinary.com/ds8llatku/image/upload/f_auto,q_auto/zecode/products/model-poses/model4_female_casual_casual_lifestyle__DSC3868_Large",
215,published,,Women's Classic White T-Shirt,womens-classic-white-t-shirt-215,Tops,Classic T-Shirt,Women,Female,Adults,,,/products/extracted/female_light_blue_jacket_outer__DSC4404_Large_1.png,"Upgrade your casual wardrobe with this stylish white t-shirt. Crafted from premium quality fabric, this tee offers exceptional comfort and a modern fit. The versatile design makes it perfect for everyday wear, whether you're running errands, meeting friends, or relaxing at home. The durable construction ensures this piece will maintain its shape and color through countless washes. Pair with jeans for a classic look or dress it up with chinos. Shop now to add this t-shirt to your collection.",,,White,,casual,ZC-F0250,false,,,,,,,,,,,"https://res.cloudinary.com/ds8llatku/image/upload/f_auto,q_auto/zecode/products/model-poses/model2_female_casual_front_standing__DSC4404_Large","https://res.cloudinary.com/ds8llatku/image/upload/f_auto,q_auto/zecode/products/model-poses/model2_female_casual_three_quarter__DSC4404_Large","https://res.cloudinary.com/ds8llatku/image/upload/f_auto,q_auto/zecode/products/model-poses/model2_female_casual_casual_lifestyle__DSC4404_Large",
216,published,,Men's Blue Denim Jacket,mens-blue-denim-jacket,Outerwear,Denim Jacket,Men,Male,Adults,,,/products/extracted/model3_female_blue_denim_vest_outer__DSC4293_Large_8.png,"Discover this stylish blue denim jacket. Crafted with attention to quality and contemporary fashion, this piece offers the perfect blend of style and comfort. The versatile design makes it suitable for various occasions, from casual outings to more polished settings. Quality materials ensure lasting wear while the thoughtful construction provides a comfortable fit. A great addition to any wardrobe. Shop now to add this denim jacket to your collection.",,,Blue,,casual,ZC-M0251,false,,,,,,,,,,,"https://res.cloudinary.com/ds8llatku/image/upload/f_auto,q_auto/zecode/products/model-poses/model4_male_casual_front_standing__DSC4293_Large","https://res.cloudinary.com/ds8llatku/image/upload/f_auto,q_auto/zecode/products/model-poses/model4_male_casual_three_quarter__DSC4293_Large","https://res.cloudinary.com/ds8llatku/image/upload/f_auto,q_auto/zecode/products/model-poses/model4_male_casual_casual_lifestyle__DSC4293_Large",
217,published,,Men's Dark Blue Slim Jeans,mens-dark-blue-slim-jeans-217,Bottoms,Slim Jeans,Men,Male,Adults,,,/products/extracted/model3_female_blue_denim_vest_outer__DSC4293_Large_8.png,"Find your perfect fit with these dark blue jeans. Crafted from premium denim, these jeans offer the ideal combination of style, comfort, and durability. The classic cut flatters every body type while providing freedom of movement. Versatile enough to dress up or down, these jeans transition seamlessly from casual days to evening outings. A wardrobe essential that pairs perfectly with any top. Shop now to add this jeans to your collection.",,,Dark Blue,,casual,ZC-M0252,false,,,,,,,,,,,"https://res.cloudinary.com/ds8llatku/image/upload/f_auto,q_auto/zecode/products/model-poses/model4_male_casual_front_standing__DSC4293_Large","https://res.cloudinary.com/ds8llatku/image/upload/f_auto,q_auto/zecode/products/model-poses/model4_male_casual_three_quarter__DSC4293_Large","https://res.cloudinary.com/ds8llatku/image/upload/f_auto,q_auto/zecode/products/model-poses/model4_male_casual_casual_lifestyle__DSC4293_Large",
218,published,,Men's Grey Graphic Print T-Shirt,mens-grey-graphic-print-t-shirt,Tops,T-Shirt,Men,Male,Adults,,,/products/extracted/model3_female_beige_hoodie_graphic__DSC3606_6.png,"Upgrade your casual wardrobe with this stylish grey t-shirt. Crafted from premium quality fabric, this graphic print tee offers exceptional comfort and a modern fit. The versatile design makes it perfect for everyday wear, whether you're running errands, meeting friends, or relaxing at home. The durable construction ensures this piece will maintain its shape and color through countless washes. Pair with jeans for a classic look or dress it up with chinos.",,,Grey,graphic,casual,ZC-M0255,false,,,,,,,,,,,"https://res.cloudinary.com/ds8llatku/image/upload/f_auto,q_auto/zecode/products/model-poses/female_casual_front_standing__DSC3606","https://res.cloudinary.com/ds8llatku/image/upload/f_auto,q_auto/zecode/products/model-poses/female_casual_three_quarter__DSC3606","https://res.cloudinary.com/ds8llatku/image/upload/f_auto,q_auto/zecode/products/model-poses/female_casual_casual_lifestyle__DSC3606",
219,published,,Black Wide-Leg Denim Pants with Elastic Waist and Minimal Clean No-Print Design,black-wide-leg-denim-pants-with-elastic-waist-minimal-no-print-design,women,trousers,Women,Female,Adults,,,/products/extracted/model3_male_black_pants__DSC3713_Large_7.png,"These black wide-leg denim pants offer a clean, minimal aesthetic with no graphical prints or text, making them a versatile wardrobe essential. Designed with a comfortable elastic waistband, they provide ease of movement while maintaining a structured silhouette. The classic five-pocket styling enhances practicality, and the relaxed straight-leg fit pairs effortlessly with casual, streetwear, or smart-casual outfits, delivering comfort and understated style.",,,Black,,casual,ZC-F0021,false,,,,,,,,,,,"https://res.cloudinary.com/ds8llatku/image/upload/f_auto,q_auto/zecode/products/model-poses/model2_female_casual_front_standing__DSC3713_Large","https://res.cloudinary.com/ds8llatku/image/upload/f_auto,q_auto/zecode/products/model-poses/model2_female_casual_three_quarter__DSC3713_Large","https://res.cloudinary.com/ds8llatku/image/upload/f_auto,q_auto/zecode/products/model-poses/model2_female_casual_casual_lifestyle__DSC3713_Large",
220,published,,Women’s Light Taupe Wide-Leg Textured Grid Pattern Pants,womens-light-taupe-wide-leg-textured-grid-pattern-pants,women,trousers,Women,Female,Adults,,,/products/extracted/female_light_beige_button_up_shirt_graphic__DSC6321_1.png,"These women’s light taupe wide-leg pants feature a refined textured grid pattern that adds subtle visual interest to a clean, modern silhouette. Designed with a structured waistband and a relaxed wide-leg fit, they offer both comfort and effortless elegance. The soft neutral tone makes them highly versatile for day-to-evening styling. Ideal for casual chic looks or coordinated sets, these pants pair beautifully with matching shirts, minimal tops, or layered outerwear for a contemporary, polished outfit.",,,Taupe,textured,casual,ZC-F0061,false,,,,,,,,,,,"https://res.cloudinary.com/ds8llatku/image/upload/f_auto,q_auto/zecode/products/model-poses/female_casual_front_standing__DSC6321","https://res.cloudinary.com/ds8llatku/image/upload/f_auto,q_auto/zecode/products/model-poses/female_casual_three_quarter__DSC6321","https://res.cloudinary.com/ds8llatku/image/upload/f_auto,q_auto/zecode/products/model-poses/female_casual_casual_lifestyle__DSC6321",
221,published,,Women’s Light Beige Wide-Leg Quilted Pants with Front Pleats,womens-light-beige-wide-leg-quilted-pants-with-front-pleats,women,trousers,Women,Female,Adults,,,/products/extracted/female_light_beige_button_up_shirt_graphic__DSC6321_1.png,"These women’s light beige wide-leg pants blend comfort with refined, contemporary style. Designed with a subtle quilted texture, they add visual depth while maintaining a clean, minimal look. The structured waistband with front pleats offers a flattering fit, while the relaxed wide-leg silhouette ensures ease of movement and all-day comfort. Perfect for casual outings or elevated everyday wear, these versatile pants pair effortlessly with fitted tops, shirts, or layered outerwear for a polished yet relaxed ensemble.",,,Beige,graphic,casual,ZC-F0049,false,,,,,,,,,,,"https://res.cloudinary.com/ds8llatku/image/upload/f_auto,q_auto/zecode/products/model-poses/female_casual_front_standing__DSC6321","https://res.cloudinary.com/ds8llatku/image/upload/f_auto,q_auto/zecode/products/model-poses/female_casual_three_quarter__DSC6321","https://res.cloudinary.com/ds8llatku/image/upload/f_auto,q_auto/zecode/products/model-poses/female_casual_casual_lifestyle__DSC6321",
222,published,,Men's Blue Graphic Print Jacket,mens-blue-graphic-print-jacket,Outerwear,Jacket,Men,Male,Adults,,,/products/extracted/male_black_pants__DSC5909_3.png,"Complete your look with this stylish blue jacket showcasing graphic print pattern. Designed for both style and functionality, this jacket offers protection from the elements while making a fashion statement. The quality construction ensures durability while the modern cut provides a flattering silhouette. Layer over t-shirts, hoodies, or shirts for versatile styling options throughout the seasons. Shop now to add this jacket to your collection.",,,Blue,graphic,casual,ZC-M0103,false,,,,,,,,,,,"https://res.cloudinary.com/ds8llatku/image/upload/f_auto,q_auto/zecode/products/model-poses/male_casual_front_standing__DSC5909","https://res.cloudinary.com/ds8llatku/image/upload/f_auto,q_auto/zecode/products/model-poses/male_casual_three_quarter__DSC5909","https://res.cloudinary.com/ds8llatku/image/upload/f_auto,q_auto/zecode/products/model-poses/male_casual_casual_lifestyle__DSC5909",
223,published,,Men's Dark Green Graphic Print T-Shirt,mens-dark-green-graphic-print-t-shirt-223,Tops,T-Shirt,Men,Male,Adults,,,/products/extracted/male_dark_blue_jeans__DSC3339_Large_2.png,"Upgrade your casual wardrobe with this stylish dark green t-shirt. Crafted from premium quality fabric, this graphic print tee offers exceptional comfort and a modern fit. The versatile design makes it perfect for everyday wear, whether you're running errands, meeting friends, or relaxing at home. The durable construction ensures this piece will maintain its shape and color through countless washes. Pair with jeans for a classic look or dress it up with chinos.",,,Dark Green,graphic,casual,ZC-M0124,false,,,,,,,,,,,"https://res.cloudinary.com/ds8llatku/image/upload/f_auto,q_auto/zecode/products/model-poses/male_casual_front_standing__DSC3339_Large","https://res.cloudinary.com/ds8llatku/image/upload/f_auto,q_auto/zecode/products/model-poses/male_casual_three_quarter__DSC3339_Large","https://res.cloudinary.com/ds8llatku/image/upload/f_auto,q_auto/zecode/products/model-poses/male_casual_casual_lifestyle__DSC3339_Large",
224,published,,Girl's Purple Slim Pants,girls-purple-slim-pants,Kids,Slim Pants,Kids,Girl,Kids,,,/products/extracted/female_black_top_under__DSC4648_Large_2.png,"Elevate your everyday style with these versatile purple pants. The comfortable fit and quality fabric make these pants perfect for all-day wear. Whether you're at the office, running errands, or enjoying leisure time, these pants deliver both style and functionality. The tailored cut offers a polished look while maintaining comfort. Pair with shirts, t-shirts, or sweaters for endless outfit possibilities. Shop now to add this pants to your collection.",,,Purple,,casual,ZC-KG0060,false,,,,,,,,,,,"https://res.cloudinary.com/ds8llatku/image/upload/f_auto,q_auto/zecode/products/model-poses/model2_female_casual_front_standing__DSC4648_Large","https://res.cloudinary.com/ds8llatku/image/upload/f_auto,q_auto/zecode/products/model-poses/model2_female_casual_three_quarter__DSC4648_Large","https://res.cloudinary.com/ds8llatku/image/upload/f_auto,q_auto/zecode/products/model-poses/model2_female_casual_casual_lifestyle__DSC4648_Large",
225,published,,Men's White Graphic Print T-Shirt,mens-white-graphic-print-t-shirt-225,Tops,T-Shirt,Men,Male,Adults,,,/products/extracted/model3_female_blue_denim_vest_outer__DSC4293_Large_8.png,"Upgrade your casual wardrobe with this stylish white t-shirt. Crafted from premium quality fabric, this graphic print tee offers exceptional comfort and a modern fit. The versatile design makes it perfect for everyday wear, whether you're running errands, meeting friends, or relaxing at home. The durable construction ensures this piece will maintain its shape and color through countless washes. Pair with jeans for a classic look or dress it up with chinos.",,,White,graphic,casual,ZC-M0162,false,,,,,,,,,,,"https://res.cloudinary.com/ds8llatku/image/upload/f_auto,q_auto/zecode/products/model-poses/model4_male_casual_front_standing__DSC4293_Large","https://res.cloudinary.com/ds8llatku/image/upload/f_auto,q_auto/zecode/products/model-poses/model4_male_casual_three_quarter__DSC4293_Large","https://res.cloudinary.com/ds8llatku/image/upload/f_auto,q_auto/zecode/products/model-poses/model4_male_casual_casual_lifestyle__DSC4293_Large",
226,published,,Men's Beige Backpack,mens-beige-backpack,Accessories,Backpack,Men,Male,Adults,,,/products/extracted/male_beige_backpack_outer__DSC3383_org_4.png,"Discover this stylish beige backpack. Crafted with attention to quality and contemporary fashion, this piece offers the perfect blend of style and comfort. The versatile design makes it suitable for various occasions, from casual outings to more polished settings. Quality materials ensure lasting wear while the thoughtful construction provides a comfortable fit. A great addition to any wardrobe. Shop now to add this backpack to your collection.",,,Beige,,casual,ZC-M0084,false,,,,,,,,,,,"https://res.cloudinary.com/ds8llatku/image/upload/f_auto,q_auto/zecode/products/model-poses/male_casual_front_standing__DSC3383_org","https://res.cloudinary.com/ds8llatku/image/upload/f_auto,q_auto/zecode/products/model-poses/male_casual_three_quarter__DSC3383_org","https://res.cloudinary.com/ds8llatku/image/upload/f_auto,q_auto/zecode/products/model-poses/male_casual_casual_lifestyle__DSC3383_org",
227,published,,Black Tiered Midi Sundress with Contrast Trim,black-tiered-midi-sundress-with-contrast-trim,Dresses,Dress,Women,Female,Adults,,,,"This elegant and playful garment is a black tiered midi sundress. The dress features a solid black color throughout the body, contrasted beautifully by a delicate light-colored scalloped or ruffled trim that outlines the neckline and edges the seams between the tiers of the skirt. It has a sleeveless, camisole-style bodice with thin shoulder straps. The skirt is full, falling to a midi length and constructed in multiple gathered tiers, which adds movement and volume. The fabric appears to be lightweight, making it ideal for summer evenings or casual events. ",,,Black,graphic,casual,ZC-F0165,false,,,,,,,e0541115-e270-4112-8179-083aff783e86,,,,,,,e0541115-e270-4112-8179-083aff783e86
228,published,,Black Cargo Denim Pants with Multi-Pocket Utility Design and Minimal No-Print Finish,black-cargo-denim-pants-with-multi-pocket-utility-design-minimal-no-print-finish,women,trousers,Women,Female,Adults,,,/products/extracted/male_dark_blue_t_shirt_graphic__DSC4360_Large_1.png,"These black cargo denim pants combine modern streetwear appeal with practical utility features. Designed with multiple spacious flap pockets along both legs, they offer ample storage while enhancing the rugged cargo aesthetic. The wide-leg silhouette and sturdy denim construction ensure comfort and durability. With no graphical prints or text, the clean minimal finish makes these pants versatile for casual, edgy, or utility-inspired outfits.",,,Black,,casual,ZC-F0171,false,,,,,,,,,,,"https://res.cloudinary.com/ds8llatku/image/upload/f_auto,q_auto/zecode/products/model-poses/model2_female_streetwear_front_standing__DSC4360_Large","https://res.cloudinary.com/ds8llatku/image/upload/f_auto,q_auto/zecode/products/model-poses/model2_female_streetwear_three_quarter__DSC4360_Large","https://res.cloudinary.com/ds8llatku/image/upload/f_auto,q_auto/zecode/products/model-poses/model2_female_streetwear_casual_lifestyle__DSC4360_Large",
230,published,,Women's White Slim Pants,womens-white-slim-pants-230,Bottoms,Slim Pants,Women,Female,Adults,,,/products/extracted/model3_male_dark_grey_jeans__DSC3868_Large_7.png,"Elevate your everyday style with these versatile white pants. The comfortable fit and quality fabric make these pants perfect for all-day wear. Whether you're at the office, running errands, or enjoying leisure time, these pants deliver both style and functionality. The tailored cut offers a polished look while maintaining comfort. Pair with shirts, t-shirts, or sweaters for endless outfit possibilities. Shop now to add this pants to your collection.",,,White,,casual,ZC-F0203,false,,,,,,,,,,,"https://res.cloudinary.com/ds8llatku/image/upload/f_auto,q_auto/zecode/products/model-poses/model4_female_casual_front_standing__DSC3868_Large","https://res.cloudinary.com/ds8llatku/image/upload/f_auto,q_auto/zecode/products/model-poses/model4_female_casual_three_quarter__DSC3868_Large","https://res.cloudinary.com/ds8llatku/image/upload/f_auto,q_auto/zecode/products/model-poses/model4_female_casual_casual_lifestyle__DSC3868_Large",
231,published,,Men's Orange Graphic Print T-Shirt,mens-orange-graphic-print-t-shirt-231,Tops,T-Shirt,Men,Male,Adults,,,/products/extracted/model2_male_light_blue_jeans__DSC3820_Large_8.png,"Upgrade your casual wardrobe with this stylish orange t-shirt. Crafted from premium quality fabric, this graphic print tee offers exceptional comfort and a modern fit. The versatile design makes it perfect for everyday wear, whether you're running errands, meeting friends, or relaxing at home. The durable construction ensures this piece will maintain its shape and color through countless washes. Pair with jeans for a classic look or dress it up with chinos.",,,Orange,graphic,casual,ZC-M0224,false,,,,,,,,,,,"https://res.cloudinary.com/ds8llatku/image/upload/f_auto,q_auto/zecode/products/model-poses/model2_male_streetwear_front_standing__DSC3820_Large","https://res.cloudinary.com/ds8llatku/image/upload/f_auto,q_auto/zecode/products/model-poses/model2_male_streetwear_three_quarter__DSC3820_Large","https://res.cloudinary.com/ds8llatku/image/upload/f_auto,q_auto/zecode/products/model-poses/model2_male_streetwear_casual_lifestyle__DSC3820_Large",
232,published,,Men's Khaki Slim Pants,mens-khaki-slim-pants-232,Bottoms,Slim Pants,Men,Male,Adults,,,/products/extracted/model2_male_dark_teal_sweatshirt_graphic__DSC5314_3.png,"Elevate your everyday style with these versatile khaki pants. The comfortable fit and quality fabric make these pants perfect for all-day wear. Whether you're at the office, running errands, or enjoying leisure time, these pants deliver both style and functionality. The tailored cut offers a polished look while maintaining comfort. Pair with shirts, t-shirts, or sweaters for endless outfit possibilities. Shop now to add this pants to your collection.",,,Khaki,,casual,ZC-M0219,false,,,,,,,,,,,"https://res.cloudinary.com/ds8llatku/image/upload/f_auto,q_auto/zecode/products/model-poses/female_casual_front_standing__DSC5314","https://res.cloudinary.com/ds8llatku/image/upload/f_auto,q_auto/zecode/products/model-poses/female_casual_three_quarter__DSC5314","https://res.cloudinary.com/ds8llatku/image/upload/f_auto,q_auto/zecode/products/model-poses/female_casual_casual_lifestyle__DSC5314",
234,published,,Boy's Blue Casual Jacket,boys-blue-casual-jacket,Kids,Casual Jacket,Kids,Boy,Kids,,,/products/extracted/male_beige_t_shirt_under_graphic__DSC5549_2.png,"Complete your look with this stylish blue jacket. Designed for both style and functionality, this jacket offers protection from the elements while making a fashion statement. The quality construction ensures durability while the modern cut provides a flattering silhouette. Layer over t-shirts, hoodies, or shirts for versatile styling options throughout the seasons. Shop now to add this jacket to your collection.",,,Blue,,casual,ZC-KB0104,false,,,,,,,,,,,/products/extracted/model2_male_orange_t_shirt_under_graphic__DSC3820_Large_7.png,/products/extracted/model3_male_black_t_shirt__DSC3713_Large_6.png,/products/extracted/model3_male_orange_t_shirt_graphic__DSC3868_Large_6.png,
235,published,,Men's Dark Blue Graphic Print T-Shirt,mens-dark-blue-graphic-print-t-shirt,Tops,T-Shirt,Men,Male,Adults,,,/products/extracted/male_dark_blue_t_shirt_graphic__DSC4360_Large_1.png,"Upgrade your casual wardrobe with this stylish dark blue t-shirt. Crafted from premium quality fabric, this graphic print tee offers exceptional comfort and a modern fit. The versatile design makes it perfect for everyday wear, whether you're running errands, meeting friends, or relaxing at home. The durable construction ensures this piece will maintain its shape and color through countless washes. Pair with jeans for a classic look or dress it up with chinos.",,,Dark Blue,graphic,casual,ZC-M0122,false,,,,,,,,,,,"https://res.cloudinary.com/ds8llatku/image/upload/f_auto,q_auto/zecode/products/model-poses/model2_female_streetwear_front_standing__DSC4360_Large","https://res.cloudinary.com/ds8llatku/image/upload/f_auto,q_auto/zecode/products/model-poses/model2_female_streetwear_three_quarter__DSC4360_Large","https://res.cloudinary.com/ds8llatku/image/upload/f_auto,q_auto/zecode/products/model-poses/model2_female_streetwear_casual_lifestyle__DSC4360_Large",
236,published,,Men's Grey Casual Jacket,mens-grey-casual-jacket,Outerwear,Casual Jacket,Men,Male,Adults,,,/products/extracted/male_dark_blue_jeans__DSC7902_3.png,"Complete your look with this stylish grey jacket. Designed for both style and functionality, this jacket offers protection from the elements while making a fashion statement. The quality construction ensures durability while the modern cut provides a flattering silhouette. Layer over t-shirts, hoodies, or shirts for versatile styling options throughout the seasons. Shop now to add this jacket to your collection.",,,Grey,,casual,ZC-M0132,false,,,,,,,,,,,"https://res.cloudinary.com/ds8llatku/image/upload/f_auto,q_auto/zecode/products/model-poses/male_casual_front_standing__DSC7902","https://res.cloudinary.com/ds8llatku/image/upload/f_auto,q_auto/zecode/products/model-poses/male_casual_three_quarter__DSC7902","https://res.cloudinary.com/ds8llatku/image/upload/f_auto,q_auto/zecode/products/model-poses/male_casual_casual_lifestyle__DSC7902",
237,published,,Men's Blue Slim Jeans,mens-blue-slim-jeans-237,Bottoms,Slim Jeans,Men,Male,Adults,,,/products/extracted/model3_male_dark_green_button_up_shirt_graphic__DSC3800_Large_9.png,"Find your perfect fit with these blue jeans. Crafted from premium denim, these jeans offer the ideal combination of style, comfort, and durability. The classic cut flatters every body type while providing freedom of movement. Versatile enough to dress up or down, these jeans transition seamlessly from casual days to evening outings. A wardrobe essential that pairs perfectly with any top. Shop now to add this jeans to your collection.",,,Blue,,casual,ZC-M0105,false,,,,,,,,,,,"https://res.cloudinary.com/ds8llatku/image/upload/f_auto,q_auto/zecode/products/model-poses/model3_male_casual_front_standing__DSC3800_Large","https://res.cloudinary.com/ds8llatku/image/upload/f_auto,q_auto/zecode/products/model-poses/model3_male_casual_three_quarter__DSC3800_Large","https://res.cloudinary.com/ds8llatku/image/upload/f_auto,q_auto/zecode/products/model-poses/model3_male_casual_casual_lifestyle__DSC3800_Large",
238,published,,Men's Off-white Graphic Print Button-Up Shirt,mens-off-white-graphic-print-button-up-shirt,men,shirts,Men,Male,Adults,,,/products/extracted/model3_male_dark_green_button_up_shirt_graphic__DSC3800_Large_9.png,"Make a refined statement with this off-white button-up shirt featuring graphic print design. Tailored for a modern fit, this shirt transitions seamlessly from professional settings to casual outings. The premium fabric offers comfort and durability, while thoughtful details add a touch of sophistication. Perfect for layering under blazers or wearing solo with rolled sleeves. A versatile wardrobe essential for the style-conscious individual. Shop now to add this button-up shirt to your collection.",,,Off-white,graphic,casual,ZC-M0144,false,,,,,,,,,,,"https://res.cloudinary.com/ds8llatku/image/upload/f_auto,q_auto/zecode/products/model-poses/model3_male_casual_front_standing__DSC3800_Large","https://res.cloudinary.com/ds8llatku/image/upload/f_auto,q_auto/zecode/products/model-poses/model3_male_casual_three_quarter__DSC3800_Large","https://res.cloudinary.com/ds8llatku/image/upload/f_auto,q_auto/zecode/products/model-poses/model3_male_casual_casual_lifestyle__DSC3800_Large",
239,published,,Men's Olive Green Short Sleeve Shirt,mens-olive-green-short-sleeve-shirt,Tops,Short Sleeve Shirt,Men,Male,Adults,,,/products/extracted/male_dark_blue_cargo_jeans_graphic_print_streetwear__DSC7728.png,"Stay cool and stylish with this olive green short sleeve shirt. Designed for warm weather comfort, this shirt offers a relaxed yet polished look. The breathable fabric keeps you comfortable while the contemporary cut ensures a flattering fit. Ideal for beach days, vacation wear, or casual summer gatherings. Pair with shorts for a laid-back vibe or chinos for elevated casual style. Shop now to add this short sleeve shirt to your collection.",,,Olive Green,,casual,ZC-M0146,false,,,,,,,,,,,"https://res.cloudinary.com/ds8llatku/image/upload/f_auto,q_auto/zecode/products/model-poses/male_casual_front_standing__DSC7728","https://res.cloudinary.com/ds8llatku/image/upload/f_auto,q_auto/zecode/products/model-poses/male_casual_three_quarter__DSC7728","https://res.cloudinary.com/ds8llatku/image/upload/f_auto,q_auto/zecode/products/model-poses/male_casual_casual_lifestyle__DSC7728",
240,published,,Men's White Graphic Print Hoodie,mens-white-graphic-print-hoodie,Tops,Hoodie,Men,Male,Adults,,,/products/extracted/male_blue_jeans__DSC5743_2.png,"Embrace comfort and style with this cozy white hoodie featuring graphic print design. Crafted from soft, premium fabric, this hoodie offers the perfect blend of warmth and casual fashion. The relaxed fit makes it ideal for lounging, casual outings, or layering on cooler days. Quality construction ensures lasting comfort through countless wears. A versatile staple that pairs effortlessly with jeans, joggers, or shorts. Shop now to add this hoodie to your collection.",,,White,graphic,casual,ZC-M0154,false,,,,,,,,,,,"https://res.cloudinary.com/ds8llatku/image/upload/f_auto,q_auto/zecode/products/model-poses/male_casual_front_standing__DSC5743","https://res.cloudinary.com/ds8llatku/image/upload/f_auto,q_auto/zecode/products/model-poses/male_casual_three_quarter__DSC5743","https://res.cloudinary.com/ds8llatku/image/upload/f_auto,q_auto/zecode/products/model-poses/male_casual_casual_lifestyle__DSC5743",
241,published,,Women's Black Heels,womens-black-heels-241,Footwear,Heels,Women,Female,Adults,,,,"Discover this stylish black heels. Crafted with attention to quality and contemporary fashion, this piece offers the perfect blend of style and comfort. The versatile design makes it suitable for various occasions, from casual outings to more polished settings. Quality materials ensure lasting wear while the thoughtful construction provides a comfortable fit. A great addition to any wardrobe. Shop now to add this heels to your collection.",,,Black,,casual,ZC-F0166,false,,,,,,,d2fa03e7-6375-43d8-ba25-aee4937998a5,,,,,,,d2fa03e7-6375-43d8-ba25-aee4937998a5
242,published,,Women's Black Graphic Print Visor,womens-black-graphic-print-visor,Accessories,Visor,Women,Female,Adults,,,/products/extracted/model3_male_dark_green_button_up_shirt_graphic__DSC3800_Large_9.png,"Discover this stylish black visor featuring graphic print design. Crafted with attention to quality and contemporary fashion, this piece offers the perfect blend of style and comfort. The versatile design makes it suitable for various occasions, from casual outings to more polished settings. Quality materials ensure lasting wear while the thoughtful construction provides a comfortable fit. A great addition to any wardrobe. Shop now to add this visor to your collection.",,,Black,graphic,casual,ZC-F0174,false,,,,,,,,,,,"https://res.cloudinary.com/ds8llatku/image/upload/f_auto,q_auto/zecode/products/model-poses/model3_male_casual_front_standing__DSC3800_Large","https://res.cloudinary.com/ds8llatku/image/upload/f_auto,q_auto/zecode/products/model-poses/model3_male_casual_three_quarter__DSC3800_Large","https://res.cloudinary.com/ds8llatku/image/upload/f_auto,q_auto/zecode/products/model-poses/model3_male_casual_casual_lifestyle__DSC3800_Large",
243,published,,Dark Green Sports T-Shirt with White “ATHLETIC 23” Print and Contrast Sleeve Stripes,dark-green-sports-t-shirt-with-white-athletic-23-print-and-contrast-sleeve-stripes,women,activewear,Women,Female,Adults,,,/products/extracted/female_black_pants__DSC4447_Large_2.png,"This dark green sports T-shirt features a bold varsity-inspired graphic with the text “ATHLETIC” and the number “23” printed in white mesh-style lettering, delivering a classic athletic aesthetic. Designed with a V-neckline and contrast white sleeves accented by double green stripes, it blends comfort with sporty flair. The soft, breathable fabric ensures ease of movement, making it ideal for casual wear, active days, or street-style looks influenced by vintage team jerseys.",,,Dark Green,graphic,casual,ZC-F0186,false,,,,,,,,,,,"https://res.cloudinary.com/ds8llatku/image/upload/f_auto,q_auto/zecode/products/model-poses/model2_female_streetwear_front_standing__DSC4447_Large","https://res.cloudinary.com/ds8llatku/image/upload/f_auto,q_auto/zecode/products/model-poses/model2_female_streetwear_three_quarter__DSC4447_Large","https://res.cloudinary.com/ds8llatku/image/upload/f_auto,q_auto/zecode/products/model-poses/model2_female_streetwear_casual_lifestyle__DSC4447_Large",
244,published,,Light Blue Cropped Denim Jacket with Button-Front Closure and Classic Chest Pocket Design,light-blue-cropped-denim-jacket-with-button-front-closure-and-classic-chest-pocket-design,women,jackets,Women,Female,Adults,,,/products/extracted/model3_female_blue_denim_vest_outer__DSC4293_Large_8.png,"This light blue cropped denim jacket offers a fresh, youthful take on a timeless wardrobe essential. Designed with a structured collar, classic button-front closure, and traditional chest flap pockets, it blends heritage denim styling with a modern, flattering cropped length. The soft washed finish adds a subtle vintage touch while maintaining a clean, versatile look. Crafted from durable mid-weight denim, it pairs easily with dresses, tops, and high-rise bottoms for effortless everyday layering.",,,Light Blue,,casual,ZC-F0187,false,,,,,,,,,,,"https://res.cloudinary.com/ds8llatku/image/upload/f_auto,q_auto/zecode/products/model-poses/model4_male_casual_front_standing__DSC4293_Large","https://res.cloudinary.com/ds8llatku/image/upload/f_auto,q_auto/zecode/products/model-poses/model4_male_casual_three_quarter__DSC4293_Large","https://res.cloudinary.com/ds8llatku/image/upload/f_auto,q_auto/zecode/products/model-poses/model4_male_casual_casual_lifestyle__DSC4293_Large",
245,published,,Men's White and Dark Green Striped Polo T-Shirt with Zip Neck and Short Sleeves,mens-white-dark-green-striped-polo-t-shirt-zip-neck-short-sleeves,men,t-shirts,Men,Male,Adults,,,/products/extracted/model2_male_white_polo_shirt_striped_SONY_ILCE-7RM5_6304x4180_000037_6.png,"This men’s white and dark green striped polo T-shirt blends sporty style with everyday comfort. Designed with bold horizontal stripes, it features a modern zip-neck closure and a classic polo collar for a refined yet casual look. Made from soft, breathable fabric, it ensures all-day comfort and durability. The short sleeves and relaxed fit make it ideal for warm-weather wear. Perfect for casual outings, weekend styling, or smart-casual occasions, this striped polo pairs effortlessly with jeans, chinos, or shorts for a confident, stylish appearance.",,,White,striped,casual,ZC-M0225,false,,,,,,,,,,,/products/extracted/model2_male_blue_jeans_SONY_ILCE-7RM5_6304x4180_000037_7.png,/products/extracted/model3_male_white_shirt_graphic__DSC3952_Large_7.png,/products/extracted/model2_male_black_button_up_shirt__DSC4537_Large_2.png,
246,published,,Women's Light Blue Sleeveless Denim Vest Jacket with Button Front and Classic Collar,womens-light-blue-sleeveless-denim-vest-jacket-button-front-classic-collar,women,jackets,Women,Female,Adults,,,/products/extracted/female_light_blue_jacket_outer__DSC4404_Large_1.png,"This women’s light blue sleeveless denim vest jacket adds a timeless, casual edge to any outfit. Designed with a classic collar and full button-front closure, it features a structured yet comfortable fit that layers effortlessly over tops and dresses. The durable denim fabric offers long-lasting wear, while the sleeveless cut allows for easy styling across seasons. Finished with functional chest pockets and clean seam detailing, this versatile vest is perfect for casual outings, weekend wear, or adding a stylish denim layer to everyday looks.",,,Light Blue,,casual,ZC-F0194,false,,,,,,,,,,,"https://res.cloudinary.com/ds8llatku/image/upload/f_auto,q_auto/zecode/products/model-poses/model2_female_casual_front_standing__DSC4404_Large","https://res.cloudinary.com/ds8llatku/image/upload/f_auto,q_auto/zecode/products/model-poses/model2_female_casual_three_quarter__DSC4404_Large","https://res.cloudinary.com/ds8llatku/image/upload/f_auto,q_auto/zecode/products/model-poses/model2_female_casual_casual_lifestyle__DSC4404_Large",
247,published,,Women's Maroon Graphic Print Sweatshirt,womens-maroon-graphic-print-sweatshirt,women,hoodies,Women,Female,Adults,,,/products/extracted/model3_male_beige_shorts__DSC4148_1_8.png,"Discover this stylish maroon sweatshirt featuring graphic print design. Crafted with attention to quality and contemporary fashion, this piece offers the perfect blend of style and comfort. The versatile design makes it suitable for various occasions, from casual outings to more polished settings. Quality materials ensure lasting wear while the thoughtful construction provides a comfortable fit. A great addition to any wardrobe. Shop now to add this sweatshirt to your collection.",,,Maroon,graphic,casual,ZC-F0198,false,,,,,,,,,,,"https://res.cloudinary.com/ds8llatku/image/upload/f_auto,q_auto/zecode/products/model-poses/model4_female_casual_chic_front_standing__DSC4148_1","https://res.cloudinary.com/ds8llatku/image/upload/f_auto,q_auto/zecode/products/model-poses/model4_female_casual_chic_three_quarter__DSC4148_1","https://res.cloudinary.com/ds8llatku/image/upload/f_auto,q_auto/zecode/products/model-poses/model4_female_casual_chic_casual_lifestyle__DSC4148_1",
248,published,,Men's Orange Graphic Print T-Shirt,mens-orange-graphic-print-t-shirt-248,men,t-shirts,Men,Male,Adults,,,/products/extracted/model3_male_dark_grey_jeans__DSC3868_Large_7.png,"Upgrade your casual wardrobe with this stylish orange t-shirt. Crafted from premium quality fabric, this graphic print tee offers exceptional comfort and a modern fit. The versatile design makes it perfect for everyday wear, whether you're running errands, meeting friends, or relaxing at home. The durable construction ensures this piece will maintain its shape and color through countless washes. Pair with jeans for a classic look or dress it up with chinos.",,,Orange,graphic,casual,ZC-M0241,false,,,,,,,,,,,"https://res.cloudinary.com/ds8llatku/image/upload/f_auto,q_auto/zecode/products/model-poses/model4_female_casual_front_standing__DSC3868_Large","https://res.cloudinary.com/ds8llatku/image/upload/f_auto,q_auto/zecode/products/model-poses/model4_female_casual_three_quarter__DSC3868_Large","https://res.cloudinary.com/ds8llatku/image/upload/f_auto,q_auto/zecode/products/model-poses/model4_female_casual_casual_lifestyle__DSC3868_Large",
250,published,,Women's White Graphic Print Sweatshirt,womens-white-graphic-print-sweatshirt-250,women,hoodies,Women,Female,Adults,,,/products/extracted/model3_female_blue_sleeveless_top__DSC4597_Large_7.png,"Discover this stylish white sweatshirt featuring graphic print design. Crafted with attention to quality and contemporary fashion, this piece offers the perfect blend of style and comfort. The versatile design makes it suitable for various occasions, from casual outings to more polished settings. Quality materials ensure lasting wear while the thoughtful construction provides a comfortable fit. A great addition to any wardrobe. Shop now to add this sweatshirt to your collection.",,,White,graphic,casual,ZC-F0205,false,,,,,,,,,,,"https://res.cloudinary.com/ds8llatku/image/upload/f_auto,q_auto/zecode/products/model-poses/model3_female_casual_front_standing__DSC4597_Large","https://res.cloudinary.com/ds8llatku/image/upload/f_auto,q_auto/zecode/products/model-poses/model3_female_casual_three_quarter__DSC4597_Large","https://res.cloudinary.com/ds8llatku/image/upload/f_auto,q_auto/zecode/products/model-poses/model3_female_casual_casual_lifestyle__DSC4597_Large",
251,published,,Women's Beige Graphic Print Hoodie,womens-beige-graphic-print-hoodie-251,women,activewear,Women,Female,Adults,,,/products/extracted/model3_female_beige_hoodie_graphic__DSC3606_6.png,"Embrace comfort and style with this cozy beige hoodie featuring graphic print design. Crafted from soft, premium fabric, this hoodie offers the perfect blend of warmth and casual fashion. The relaxed fit makes it ideal for lounging, casual outings, or layering on cooler days. Quality construction ensures lasting comfort through countless wears. A versatile staple that pairs effortlessly with jeans, joggers, or shorts. Shop now to add this hoodie to your collection.",,,Beige,graphic,casual,ZC-F0226,false,,,,,,,,,,,"https://res.cloudinary.com/ds8llatku/image/upload/f_auto,q_auto/zecode/products/model-poses/female_casual_front_standing__DSC3606","https://res.cloudinary.com/ds8llatku/image/upload/f_auto,q_auto/zecode/products/model-poses/female_casual_three_quarter__DSC3606","https://res.cloudinary.com/ds8llatku/image/upload/f_auto,q_auto/zecode/products/model-poses/female_casual_casual_lifestyle__DSC3606",
252,published,,Men's Maroon Graphic Print Short Sleeve Shirt,mens-maroon-graphic-print-short-sleeve-shirt,men,t-shirts,Men,Male,Adults,,,/products/extracted/model3_male_beige_shorts__DSC4148_1_8.png,"Stay cool and stylish with this maroon short sleeve shirt showcasing graphic print pattern. Designed for warm weather comfort, this shirt offers a relaxed yet polished look. The breathable fabric keeps you comfortable while the contemporary cut ensures a flattering fit. Ideal for beach days, vacation wear, or casual summer gatherings. Pair with shorts for a laid-back vibe or chinos for elevated casual style. Shop now to add this short sleeve shirt to your collection.",,,Maroon,graphic,casual,ZC-M0240,false,,,,,,,,,,,"https://res.cloudinary.com/ds8llatku/image/upload/f_auto,q_auto/zecode/products/model-poses/model4_female_casual_chic_front_standing__DSC4148_1","https://res.cloudinary.com/ds8llatku/image/upload/f_auto,q_auto/zecode/products/model-poses/model4_female_casual_chic_three_quarter__DSC4148_1","https://res.cloudinary.com/ds8llatku/image/upload/f_auto,q_auto/zecode/products/model-poses/model4_female_casual_chic_casual_lifestyle__DSC4148_1",
253,published,,Men's White Slim Pants,mens-white-slim-pants-253,men,trousers,Men,Male,Adults,,,/products/extracted/model3_male_dark_green_button_up_shirt_graphic__DSC3800_Large_9.png,"Elevate your everyday style with these versatile white pants. The comfortable fit and quality fabric make these pants perfect for all-day wear. Whether you're at the office, running errands, or enjoying leisure time, these pants deliver both style and functionality. The tailored cut offers a polished look while maintaining comfort. Pair with shirts, t-shirts, or sweaters for endless outfit possibilities. Shop now to add this pants to your collection.",,,White,,casual,ZC-M0242,false,,,,,,,,,,,"https://res.cloudinary.com/ds8llatku/image/upload/f_auto,q_auto/zecode/products/model-poses/model3_male_casual_front_standing__DSC3800_Large","https://res.cloudinary.com/ds8llatku/image/upload/f_auto,q_auto/zecode/products/model-poses/model3_male_casual_three_quarter__DSC3800_Large","https://res.cloudinary.com/ds8llatku/image/upload/f_auto,q_auto/zecode/products/model-poses/model3_male_casual_casual_lifestyle__DSC3800_Large",
254,published,,Women's Black Flats,womens-black-flats,Footwear,Flats,Women,Female,Adults,,,/products/extracted/model3_male_beige_shorts__DSC4148_1_8.png,"Discover this stylish black flats. Crafted with attention to quality and contemporary fashion, this piece offers the perfect blend of style and comfort. The versatile design makes it suitable for various occasions, from casual outings to more polished settings. Quality materials ensure lasting wear while the thoughtful construction provides a comfortable fit. A great addition to any wardrobe. Shop now to add this flats to your collection.",,,Black,,casual,ZC-F0244,false,,,,,,,,,,,"https://res.cloudinary.com/ds8llatku/image/upload/f_auto,q_auto/zecode/products/model-poses/model4_female_casual_chic_front_standing__DSC4148_1","https://res.cloudinary.com/ds8llatku/image/upload/f_auto,q_auto/zecode/products/model-poses/model4_female_casual_chic_three_quarter__DSC4148_1","https://res.cloudinary.com/ds8llatku/image/upload/f_auto,q_auto/zecode/products/model-poses/model4_female_casual_chic_casual_lifestyle__DSC4148_1",
255,published,,Men's Light Green Graphic Print Crew Neck T-Shirt with Short Sleeves,mens-light-green-graphic-print-crew-neck-t-shirt-short-sleeves,men,t-shirts,Men,Male,Adults,,,/products/extracted/model3_female_blue_denim_vest_outer__DSC4293_Large_8.png,"This men’s light green graphic print crew neck T-shirt delivers a fresh, modern look with everyday comfort. Crafted from soft, breathable cotton fabric, it ensures a relaxed feel suitable for all-day wear. The classic crew neckline and short sleeves provide a timeless silhouette, while the bold graphic print adds a contemporary, street-style edge. Easy to pair with jeans, shorts, or casual trousers, this versatile T-shirt is ideal for casual outings, weekend wear, or laid-back styling, offering comfort, durability, and effortless style in one essential piece.",,,Light Green,graphic,casual,ZC-M0253,false,,,,,,,,,,,"https://res.cloudinary.com/ds8llatku/image/upload/f_auto,q_auto/zecode/products/model-poses/model4_male_casual_front_standing__DSC4293_Large","https://res.cloudinary.com/ds8llatku/image/upload/f_auto,q_auto/zecode/products/model-poses/model4_male_casual_three_quarter__DSC4293_Large","https://res.cloudinary.com/ds8llatku/image/upload/f_auto,q_auto/zecode/products/model-poses/model4_male_casual_casual_lifestyle__DSC4293_Large",